carroId,estrellas,creadoEn
12498,1,2025-01-09 03:32:38
926,2,2025-06-02 09:34:57
10534,2,2024-09-30 01:19:04
692,4,2025-01-01 22:49:11
8202,5,2025-06-01 16:42:04
8360,2,2024-02-12 11:51:40
11711,2,2025-08-29 16:03:25
3279,2,2025-09-22 15:47:11
8053,4,2024-12-24 05:49:55
14445,5,2025-07-22 07:22:10
2495,4,2023-12-20 06:29:32
4611,5,2025-02-23 20:56:29
13678,5,2024-11-11 04:35:36
3208,5,2025-04-05 08:04:35
10658,5,2024-12-21 16:09:37
10673,2,2024-12-18 11:30:20
1847,4,2024-10-17 20:54:00
12448,3,2024-07-13 11:55:03
11047,5,2024-06-06 09:40:09
7599,4,2024-04-09 19:14:34
14586,1,2025-08-20 16:04:33
391,4,2025-01-30 03:03:36
3381,5,2024-06-24 22:52:22
5364,4,2025-10-17 23:18:23
7868,4,2024-05-17 20:46:11
1273,2,2024-07-22 14:51:46
820,1,2024-05-17 02:57:18
7292,4,2025-07-22 22:17:24
878,4,2025-06-28 13:39:00
12155,2,2024-08-17 11:15:20
10710,4,2024-05-07 15:51:15
2324,4,2024-10-29 08:51:44
12194,2,2024-07-11 20:20:32
236,4,2025-06-13 10:58:48
14251,2,2024-02-07 23:16:01
370,2,2025-05-01 15:33:33
11335,5,2024-05-15 13:10:18
6184,5,2024-10-20 23:16:49
6758,4,2025-06-01 12:05:26
1033,2,2025-09-24 00:21:22
7851,4,2024-09-23 17:18:38
4456,1,2024-08-17 09:41:36
7340,1,2024-01-11 05:16:13
13688,2,2024-08-09 17:12:30
11724,2,2025-01-18 15:25:04
1449,3,2024-12-07 01:37:00
2686,4,2024-01-08 16:45:17
12046,2,2025-10-20 17:46:53
6583,5,2024-08-17 17:26:42
13341,4,2025-03-31 18:41:32
6682,4,2024-11-20 09:02:02
4149,2,2025-02-22 09:49:54
7645,4,2024-05-07 05:46:18
5628,2,2024-10-24 01:06:36
5598,2,2025-07-13 01:30:40
2286,2,2024-09-30 15:40:26
13492,4,2024-05-06 18:50:17
1701,4,2025-01-25 13:02:54
2699,4,2025-08-14 07:26:36
8015,5,2025-08-13 12:06:32
6472,2,2024-02-15 15:09:05
5753,2,2025-10-29 08:21:15
10494,4,2024-12-31 21:37:35
11735,4,2024-05-18 13:49:31
2366,2,2025-07-05 09:47:04
12384,4,2025-10-16 13:40:53
386,4,2024-09-21 22:16:46
3043,1,2025-04-16 21:58:12
4153,5,2025-02-06 12:22:09
10840,5,2025-04-10 13:03:53
6353,5,2024-02-25 14:51:31
9662,1,2025-02-22 15:55:44
8051,2,2024-05-30 11:41:27
509,5,2025-07-20 11:34:11
12613,5,2024-06-20 03:40:02
8034,1,2024-08-01 15:05:58
12437,2,2024-07-11 02:13:20
1509,4,2024-02-09 22:44:54
6224,4,2024-01-12 15:07:15
563,5,2024-09-22 14:47:01
10056,4,2024-10-02 08:10:10
14135,4,2024-12-06 14:06:19
1133,3,2024-03-04 14:05:22
9258,4,2025-01-30 17:22:37
9596,5,2024-11-28 04:17:59
14783,4,2025-03-15 16:48:47
9849,4,2025-09-24 22:59:43
3263,4,2025-07-02 10:53:09
12710,2,2024-04-12 04:40:11
719,5,2025-10-09 06:34:42
9562,2,2024-03-29 01:36:41
14937,4,2025-09-21 01:07:33
12130,1,2024-10-28 00:12:07
8129,5,2023-11-22 08:54:32
11607,3,2024-03-18 20:34:31
8905,4,2024-02-12 03:24:25
7149,2,2024-09-30 11:29:11
1430,5,2024-06-01 21:25:35
6576,2,2025-06-26 21:52:19
396,4,2025-01-14 01:50:14
3220,5,2025-05-15 20:51:32
4310,4,2025-11-01 18:31:46
6771,4,2024-11-09 06:34:11
2415,5,2025-06-09 07:32:30
6093,4,2024-01-27 18:25:47
10911,4,2024-02-16 11:58:05
14425,1,2025-09-15 15:37:35
13128,5,2023-12-06 18:57:22
7844,5,2025-08-18 23:59:23
10378,2,2024-10-10 09:59:20
2081,1,2023-11-28 21:51:16
8412,1,2025-04-29 07:08:24
10272,3,2024-03-18 23:38:43
13566,5,2024-01-06 00:49:57
14266,4,2024-02-21 03:26:23
11005,3,2024-12-14 06:07:01
9936,1,2025-09-13 15:33:14
10075,2,2024-12-25 10:47:14
14285,2,2025-10-23 20:06:49
8541,5,2024-09-06 18:42:41
507,4,2025-10-12 16:22:30
14609,2,2024-10-03 09:04:34
4545,5,2024-08-11 13:38:01
13703,3,2024-02-17 07:38:08
8380,4,2024-09-17 19:28:53
5523,5,2025-05-04 15:25:56
8471,3,2025-01-15 21:52:06
4395,1,2024-05-15 20:24:45
14841,4,2025-05-16 08:04:27
5020,5,2024-06-25 04:57:39
4324,4,2024-02-10 18:36:47
12589,4,2024-07-28 22:18:04
3113,4,2025-10-07 08:58:43
9059,4,2025-08-11 21:33:08
11872,4,2025-10-08 02:16:12
3371,3,2024-07-28 19:10:23
14538,3,2025-02-11 17:41:19
6417,5,2025-02-25 03:48:03
5594,4,2025-03-03 06:32:54
2039,2,2024-02-02 00:45:05
1091,5,2025-05-24 06:08:34
9022,4,2023-12-15 11:01:53
6890,5,2024-01-06 14:35:12
8021,3,2025-06-06 03:00:30
5131,4,2025-10-25 11:16:25
12454,1,2024-08-12 00:37:46
4545,5,2024-10-23 23:45:19
12843,5,2025-10-17 15:56:15
655,1,2024-09-22 21:43:01
1826,5,2025-03-14 07:18:01
7042,5,2024-10-24 15:45:23
5793,1,2025-06-07 15:20:29
9571,4,2025-08-19 17:37:36
3329,2,2024-10-13 17:35:33
9360,3,2024-06-22 00:31:02
1568,4,2025-06-20 19:32:49
7529,2,2024-11-14 21:38:27
1760,5,2025-05-07 02:48:17
9497,2,2024-02-22 20:58:07
3805,5,2025-06-02 00:06:38
7277,5,2024-03-31 19:30:36
12300,5,2025-05-25 10:37:28
14448,4,2025-06-27 06:11:20
5277,5,2025-02-10 05:53:59
9938,4,2025-10-22 01:35:23
13713,2,2025-08-08 07:37:29
3394,5,2025-11-06 19:37:44
4076,3,2024-12-09 23:09:32
14381,4,2024-01-14 09:41:20
11430,4,2024-03-07 14:00:16
9367,4,2025-10-05 22:55:06
7149,2,2023-11-16 08:50:21
4177,5,2025-02-13 08:22:29
7841,4,2025-02-12 22:57:39
6250,4,2024-08-23 14:41:20
2602,4,2025-04-16 18:16:42
1299,3,2025-03-28 17:31:18
4804,5,2024-10-27 14:05:55
3754,4,2024-08-30 23:47:40
14284,4,2024-07-16 05:06:57
8978,4,2024-10-15 23:35:41
282,1,2024-03-26 14:04:53
12663,4,2024-12-09 09:59:00
9068,2,2025-05-24 12:44:04
8744,1,2025-02-09 02:21:42
14015,4,2024-06-14 06:15:40
8266,1,2025-07-02 17:37:19
793,4,2024-01-24 14:03:38
13669,5,2024-05-08 17:26:45
7454,4,2024-06-28 06:43:05
10488,2,2024-11-27 11:23:47
2227,5,2024-08-01 06:37:31
12358,5,2023-12-17 19:53:32
7646,2,2025-01-21 11:54:36
9462,3,2024-12-16 09:57:01
8577,2,2025-10-07 06:39:15
13187,5,2024-12-22 06:03:31
1893,3,2025-02-02 16:31:15
4908,5,2024-12-09 01:47:39
12294,4,2025-08-26 22:15:34
14176,2,2025-10-31 03:43:32
13005,4,2024-10-06 17:48:32
14754,5,2024-06-18 21:19:09
6542,5,2024-07-18 01:10:09
7591,4,2024-09-03 15:16:53
14698,3,2024-07-14 18:28:10
871,5,2025-06-20 12:50:20
9802,5,2024-03-27 21:39:05
14232,2,2024-02-29 13:07:01
3170,4,2023-12-12 21:27:14
1660,5,2025-08-03 13:33:37
405,4,2025-06-02 22:09:22
396,5,2025-09-25 16:34:21
10188,4,2025-05-31 02:17:08
9595,5,2024-04-21 23:06:44
12512,4,2024-10-09 17:32:35
12271,2,2024-12-17 13:07:01
5410,4,2024-06-13 10:48:42
10408,4,2025-01-30 01:05:08
10107,4,2025-09-23 12:22:08
722,4,2025-03-02 09:04:18
9328,5,2024-07-11 11:58:21
9310,4,2024-01-26 13:55:49
2678,2,2024-08-06 02:43:52
3590,5,2024-06-18 12:37:40
1311,4,2024-03-17 22:36:30
6097,2,2024-02-10 09:41:31
10895,5,2024-06-20 21:31:30
12752,1,2024-06-10 00:38:44
7920,5,2024-11-22 07:17:13
11867,2,2024-10-16 05:44:27
1745,1,2024-05-02 00:34:03
14431,1,2025-09-27 23:50:39
11426,3,2024-03-20 20:06:27
6870,2,2024-06-21 09:22:28
2662,2,2025-11-08 19:47:15
14571,5,2025-10-23 02:46:42
6787,5,2024-05-29 19:50:49
1938,5,2025-02-23 03:34:15
9641,4,2025-06-17 13:24:58
3986,3,2024-01-31 17:56:58
9798,4,2025-10-28 09:57:51
1346,4,2024-05-08 06:28:01
8854,4,2025-04-10 22:57:45
35,4,2024-06-13 17:45:19
13822,5,2024-02-27 20:13:42
9372,5,2024-01-23 20:51:44
1638,4,2024-04-18 23:34:29
10066,4,2025-01-12 04:48:44
13504,2,2025-08-22 19:55:06
4775,2,2024-12-09 10:33:39
4661,5,2025-06-18 15:26:18
10543,2,2024-03-20 11:22:37
9937,4,2023-12-01 13:34:58
13962,5,2025-02-17 02:33:59
5878,2,2025-10-11 08:19:44
11562,1,2023-12-11 04:38:27
10916,5,2025-10-02 02:33:19
11522,4,2025-01-02 14:53:44
14339,5,2025-01-01 03:13:09
2447,3,2025-07-22 22:01:48
5243,3,2024-04-09 21:16:34
6716,5,2023-11-15 11:59:10
3437,1,2024-11-23 15:32:23
2565,4,2025-08-17 22:44:53
515,2,2025-08-10 02:21:12
13313,5,2023-11-30 08:15:48
14133,5,2024-08-23 08:28:30
6920,4,2024-04-16 02:33:40
122,2,2024-06-16 05:34:18
1528,4,2025-01-26 23:01:48
14488,5,2024-10-06 14:19:25
14866,5,2025-05-31 22:52:32
12630,5,2024-10-20 19:52:21
6112,5,2024-12-18 21:54:20
3305,5,2024-02-16 07:52:52
6402,1,2025-08-16 19:24:26
12611,2,2024-10-27 20:06:19
9683,3,2024-06-26 09:50:57
4662,4,2025-10-23 08:24:37
13592,1,2024-02-03 11:06:32
13678,3,2025-05-19 15:37:27
14607,2,2025-05-11 22:32:23
14818,3,2025-10-24 06:33:54
8696,5,2025-08-27 10:54:41
6505,4,2024-02-11 11:35:39
8770,2,2024-10-20 12:03:01
8221,2,2025-09-30 17:39:33
10868,4,2024-10-11 01:45:39
10835,2,2024-11-27 10:41:22
9188,4,2024-06-01 15:28:08
3282,4,2024-01-16 18:59:55
10598,4,2025-09-11 19:14:20
2128,2,2024-02-24 14:12:45
10772,5,2024-06-13 14:29:00
14844,4,2025-05-31 14:22:52
1600,3,2025-04-12 17:30:05
11331,2,2024-02-08 18:45:38
14307,4,2024-08-11 01:34:48
12758,2,2025-07-26 12:41:43
12533,5,2024-01-10 17:39:24
2001,5,2025-06-10 10:04:42
5837,2,2025-07-18 12:18:04
13216,4,2024-05-01 02:21:17
13179,1,2025-05-28 06:44:33
2389,4,2024-01-07 01:43:49
12408,3,2024-07-21 09:37:07
12988,4,2024-03-11 01:20:46
3480,5,2024-12-08 04:01:35
12251,2,2024-07-27 18:52:39
14957,3,2024-06-11 18:45:59
5280,2,2024-10-27 12:55:20
7421,5,2025-03-14 03:25:19
10889,2,2025-06-03 14:51:31
12284,2,2024-12-12 15:50:48
2197,1,2025-04-15 08:14:47
2225,5,2025-07-05 20:55:08
10240,2,2024-01-06 20:50:58
5113,3,2025-05-12 07:37:45
14069,4,2025-04-27 15:49:32
4232,2,2024-07-11 20:13:19
13923,5,2025-10-03 08:54:17
8164,5,2025-10-28 13:57:21
429,1,2023-12-10 02:45:47
1525,1,2024-10-11 22:29:03
1858,5,2024-01-27 08:03:16
14556,4,2025-11-03 12:20:20
13114,5,2025-05-10 23:49:30
13787,2,2025-07-19 04:39:08
8994,2,2024-12-19 05:24:59
10780,4,2024-07-13 22:52:32
14385,5,2024-04-06 05:01:41
12143,4,2025-08-24 21:09:04
66,4,2025-01-16 20:47:16
13263,4,2025-04-06 20:06:14
2602,2,2025-08-21 22:23:18
5474,4,2025-09-21 22:53:45
13308,4,2025-03-10 14:43:54
12090,1,2023-12-08 00:02:46
87,4,2025-03-17 03:37:26
12719,1,2025-03-11 13:10:50
7041,5,2023-11-16 12:19:20
13518,2,2024-05-19 07:54:14
9680,5,2024-02-24 15:16:06
4081,4,2025-02-07 17:58:20
4178,2,2024-08-28 12:47:05
6645,3,2025-09-17 17:08:17
2101,4,2024-04-29 08:44:35
10995,4,2025-04-16 07:50:57
4096,2,2024-04-10 07:26:51
6468,5,2024-06-03 09:01:48
9414,4,2024-11-09 11:19:34
226,4,2024-03-06 22:39:26
2366,4,2024-11-20 15:36:28
5327,2,2025-08-03 11:21:17
10865,4,2024-04-03 15:37:37
6377,4,2025-06-02 02:18:07
8011,1,2024-11-30 03:23:27
51,4,2024-06-16 19:46:46
12261,4,2024-02-20 16:31:09
1810,2,2024-04-12 13:24:29
2901,5,2025-03-17 08:45:39
1070,3,2025-09-20 15:01:37
3676,5,2024-01-18 05:26:44
6400,4,2024-12-15 08:23:07
14825,5,2025-09-06 02:18:01
3587,1,2025-05-25 02:43:23
4386,3,2025-06-14 10:25:31
1620,5,2024-04-24 16:30:48
333,4,2023-11-12 19:20:57
4131,1,2024-10-12 16:01:43
8144,1,2024-01-01 13:34:50
5364,3,2024-11-25 10:53:08
5592,4,2025-01-16 12:42:50
12004,5,2025-02-27 01:39:14
13183,5,2024-04-20 07:20:13
13794,2,2025-05-14 18:55:19
6225,4,2024-03-27 16:02:40
751,2,2023-12-10 11:15:41
8725,5,2024-09-30 02:47:41
270,4,2025-04-27 16:38:50
3790,4,2024-06-01 15:47:27
6757,2,2025-02-28 17:56:18
11157,2,2024-08-31 16:51:48
2224,4,2025-03-14 10:55:26
1587,5,2025-02-05 20:24:18
4595,2,2024-05-10 15:09:32
5584,1,2025-03-19 15:36:07
13196,4,2024-08-07 04:02:57
7799,2,2024-11-20 10:29:53
12409,3,2024-12-26 08:15:07
13038,4,2025-04-03 14:00:24
8253,3,2024-03-29 04:22:55
6998,3,2025-09-22 04:47:20
11403,4,2024-06-30 10:01:11
9367,4,2025-08-24 07:22:18
13473,4,2024-05-08 10:32:41
3209,1,2025-09-19 23:39:01
7551,4,2024-06-24 05:10:30
2204,4,2025-04-12 03:42:40
10275,4,2024-11-21 01:54:45
2522,3,2024-11-25 02:08:22
125,4,2025-07-21 04:09:53
13811,1,2025-03-13 16:18:12
3470,4,2024-09-09 23:03:54
3757,3,2025-02-16 16:19:27
8524,4,2024-08-13 17:05:08
14729,2,2025-01-05 09:41:53
2579,1,2024-11-17 21:27:58
6962,5,2024-06-26 18:42:57
4264,2,2024-01-24 07:14:58
6649,5,2024-04-28 08:54:02
14332,2,2024-02-05 14:25:12
3765,2,2025-09-24 12:48:58
7854,4,2025-10-06 21:38:46
8487,4,2025-06-18 17:14:04
14877,4,2025-06-25 16:33:01
8832,4,2024-06-20 10:51:57
1533,4,2024-10-01 05:32:21
722,4,2024-10-22 15:38:49
11449,2,2024-07-20 01:34:49
7248,4,2024-05-20 11:32:24
7552,5,2025-04-07 20:06:35
543,4,2024-10-05 07:48:09
397,1,2024-02-08 06:45:56
5284,4,2024-03-26 04:14:31
11272,5,2024-11-05 07:02:43
10610,4,2024-07-15 00:34:39
2454,2,2025-04-06 10:27:21
1887,4,2024-02-06 12:12:34
12330,4,2024-08-06 07:04:26
13317,5,2025-05-04 16:10:32
8047,2,2024-09-14 12:39:44
13507,4,2025-05-10 18:30:52
5147,5,2024-02-17 18:54:40
431,4,2025-07-03 06:12:48
4281,2,2025-09-25 12:36:26
5595,5,2024-11-20 01:16:59
2457,4,2025-08-23 20:43:37
6767,4,2025-07-27 08:49:55
6055,3,2025-09-11 10:02:20
12864,2,2024-11-24 06:36:39
11703,4,2025-02-19 04:17:15
3407,5,2024-09-25 08:01:50
5818,4,2025-04-27 02:29:06
14028,1,2024-05-10 17:50:53
995,4,2023-12-02 19:38:26
4143,1,2024-06-23 07:04:20
10250,2,2024-06-05 10:12:09
7761,4,2024-12-08 11:59:26
11767,4,2024-04-25 09:36:33
6549,4,2025-10-01 11:00:42
11414,5,2025-09-01 07:18:44
2800,4,2025-07-10 08:42:33
11970,4,2024-09-23 00:09:39
3977,1,2023-12-27 13:11:40
11834,3,2025-01-20 00:58:32
1706,4,2025-07-01 19:06:34
14311,5,2024-07-18 08:28:32
6388,5,2024-05-31 12:24:54
3058,5,2025-04-17 14:26:51
8905,2,2024-07-14 00:34:30
382,3,2024-09-24 17:36:19
6737,4,2024-09-09 07:33:42
13349,2,2025-07-30 17:09:43
1786,4,2024-10-18 14:18:49
5433,3,2024-10-05 14:01:43
13628,4,2024-09-14 23:39:52
616,4,2024-05-30 19:31:42
3913,4,2025-10-18 23:31:32
3184,2,2023-12-22 18:10:46
2002,4,2024-06-05 17:32:07
1476,5,2024-11-21 10:12:58
7643,4,2025-05-28 22:07:35
9937,1,2024-04-28 09:13:47
11122,4,2024-07-31 06:50:43
10552,4,2025-03-18 12:36:04
14006,4,2025-08-07 02:08:38
12475,3,2023-12-15 18:19:02
7565,1,2024-07-06 22:47:42
14935,4,2024-10-23 00:17:09
1749,4,2024-09-23 15:10:50
2096,1,2024-04-30 05:15:28
11279,5,2025-01-28 00:01:09
11949,4,2025-09-20 10:30:59
14876,4,2024-03-18 16:10:47
6028,2,2024-12-30 15:44:53
1250,4,2024-04-18 11:36:05
10475,2,2025-07-07 19:38:32
4789,5,2025-03-09 23:55:30
13731,5,2024-02-04 00:10:18
2796,1,2025-02-28 16:33:15
9863,2,2025-02-26 16:58:15
4506,4,2024-07-23 09:29:53
4181,2,2024-02-18 16:29:17
8515,2,2025-02-22 05:02:02
10330,4,2025-01-02 13:43:54
6480,4,2023-11-25 19:04:25
11366,4,2025-05-24 07:03:32
12785,1,2023-11-26 17:24:07
8524,2,2025-07-25 13:47:59
14493,3,2024-08-30 20:19:07
11222,4,2024-01-19 10:10:19
2876,3,2025-07-08 12:04:30
853,1,2025-05-10 16:52:07
9373,5,2024-07-26 04:40:47
12502,4,2025-10-18 20:54:45
8594,1,2024-08-10 06:33:21
3967,4,2025-06-27 22:42:41
7331,3,2025-06-27 07:15:21
7814,1,2025-01-12 18:26:04
756,5,2023-12-29 14:48:32
11860,5,2025-04-02 00:32:57
11324,2,2023-12-18 13:10:39
6034,1,2024-12-17 04:03:28
4682,4,2024-04-21 19:03:42
4182,3,2024-08-17 13:43:51
11570,3,2024-12-30 05:40:25
9384,2,2024-04-12 10:55:33
10515,4,2024-03-11 06:17:58
11075,2,2025-08-22 07:58:13
4843,5,2024-12-30 09:53:21
9319,4,2024-09-12 12:53:02
349,4,2025-09-08 02:08:05
12982,1,2025-05-20 20:53:01
1776,5,2024-05-06 10:50:38
12719,1,2024-06-22 17:13:35
10195,3,2025-07-24 16:46:55
6521,3,2024-03-14 16:31:53
10518,4,2025-10-17 15:33:23
9203,1,2024-08-26 17:22:01
9941,5,2024-07-24 19:23:13
3998,1,2024-09-26 09:59:10
14698,3,2024-04-25 19:05:47
14701,4,2025-01-12 19:29:47
14783,3,2025-06-01 22:04:58
491,3,2024-05-21 11:54:48
12503,4,2025-11-09 10:52:01
10829,5,2023-11-20 22:01:27
6199,4,2023-12-08 08:13:33
245,2,2025-08-28 00:39:57
13609,2,2023-11-25 21:05:44
5140,3,2025-06-18 20:13:49
12734,4,2025-11-09 17:13:51
9628,4,2024-12-23 07:26:36
10258,1,2024-01-28 22:51:52
12327,5,2024-12-03 20:21:52
6401,1,2024-09-14 09:49:50
1914,1,2025-07-16 23:27:03
1331,3,2024-11-20 22:55:47
786,1,2023-12-13 03:59:32
10622,4,2024-03-11 05:24:57
891,4,2024-06-17 04:54:52
7264,2,2024-07-01 11:28:53
11960,5,2023-11-29 03:41:14
276,2,2024-05-06 23:20:53
4613,5,2025-03-14 20:47:15
11896,4,2025-07-02 06:32:10
2248,4,2025-04-27 18:17:41
11879,3,2024-05-20 09:54:31
2638,2,2023-12-06 13:24:27
373,5,2024-06-08 22:43:46
3200,4,2025-06-14 19:10:33
2174,2,2024-02-14 08:36:32
2806,4,2025-08-02 19:04:50
8925,1,2025-07-11 07:33:30
13919,1,2024-08-29 19:29:59
9879,4,2025-04-02 06:58:08
12294,5,2024-09-16 14:16:43
7664,5,2024-02-20 05:21:28
1987,4,2025-08-06 21:52:50
8933,4,2025-06-07 12:08:23
2764,1,2025-09-21 05:09:05
14158,4,2024-06-07 00:52:46
7065,4,2025-09-09 20:16:49
3357,3,2024-01-15 06:42:01
8753,5,2024-01-08 18:18:28
10933,2,2024-01-06 17:09:13
13664,5,2024-12-06 04:28:53
8786,1,2025-05-24 04:53:57
8511,1,2025-05-09 17:43:46
8948,5,2025-06-24 11:38:40
12418,4,2025-06-01 09:07:02
13895,4,2024-09-27 22:59:04
6692,5,2023-11-25 23:26:27
8075,4,2023-11-21 18:32:47
10431,4,2025-06-09 03:46:33
7837,3,2025-08-16 04:44:59
14751,4,2025-01-04 01:43:17
12527,4,2025-02-22 03:22:06
10796,1,2025-10-24 02:40:02
5723,4,2024-03-07 06:23:00
11121,1,2024-01-23 13:02:42
8833,2,2025-06-03 21:24:50
9330,4,2025-02-09 04:30:14
9350,5,2025-07-17 23:14:51
12370,4,2024-09-09 02:49:03
8754,2,2024-04-09 05:27:26
10215,4,2025-08-17 03:29:45
2595,5,2025-02-22 18:38:56
9916,4,2025-09-07 18:18:35
7097,2,2024-07-09 19:22:39
4782,4,2025-07-11 20:56:44
13864,4,2024-07-18 18:26:36
1082,3,2024-10-05 13:09:38
10258,2,2024-12-12 06:44:27
10729,4,2025-06-09 19:16:26
14667,3,2023-11-28 12:32:34
3212,2,2024-07-02 00:17:53
10086,4,2024-06-10 04:23:49
1041,3,2024-10-31 18:21:39
10002,4,2024-04-15 17:43:14
14042,4,2024-01-26 17:53:42
11773,2,2024-06-02 14:05:19
9451,4,2025-04-02 21:24:40
8719,4,2025-01-30 20:54:29
10544,4,2024-11-10 11:16:45
850,4,2024-08-28 19:42:47
12380,2,2024-06-23 12:49:18
7482,4,2024-10-08 22:50:40
2752,4,2024-01-21 14:32:54
13968,4,2024-04-30 22:50:06
6442,4,2024-09-20 22:17:35
5784,2,2025-01-19 01:28:04
10458,5,2024-06-13 16:26:07
13604,1,2024-11-19 18:01:40
6634,5,2024-06-18 05:46:06
8734,3,2025-10-15 07:51:20
14975,1,2025-05-09 06:21:45
2816,4,2024-12-28 11:22:51
3642,5,2024-12-07 19:19:37
3663,1,2024-05-18 07:40:33
11643,4,2024-09-02 08:20:52
8023,4,2023-11-23 16:36:16
257,4,2024-11-30 09:08:29
13515,4,2025-05-28 10:23:37
10292,4,2024-09-11 01:49:03
1221,2,2024-08-25 20:04:24
7934,5,2025-06-24 17:30:19
3867,4,2025-01-07 20:45:20
3444,5,2025-05-18 08:27:10
7434,4,2024-02-02 10:40:41
3549,4,2024-10-26 14:40:12
13395,4,2024-05-02 08:32:12
13088,4,2025-02-01 04:11:38
10171,4,2023-11-29 15:45:28
12612,3,2024-09-13 22:51:17
7482,4,2025-07-01 08:03:27
9695,2,2024-05-08 14:41:13
12002,1,2024-10-22 14:00:48
5915,5,2024-08-23 13:42:52
2668,2,2024-11-14 16:03:13
957,2,2025-01-20 17:40:39
8830,4,2024-02-02 22:41:09
8073,3,2025-03-23 14:44:46
4582,4,2024-07-08 13:55:35
6914,2,2024-07-25 12:47:10
8226,4,2024-02-29 23:49:48
13311,2,2025-07-31 05:17:00
13943,4,2025-03-13 14:11:04
13134,4,2024-01-14 06:48:02
10607,1,2024-01-23 09:55:12
10530,2,2025-01-18 23:24:06
1135,5,2024-03-20 18:53:41
554,4,2024-04-19 15:12:33
9103,2,2025-09-12 01:17:48
4969,5,2024-11-24 18:29:13
9609,3,2025-02-13 05:41:42
8186,1,2024-05-22 11:30:02
7357,2,2024-01-14 11:32:23
6772,4,2024-02-28 02:19:56
13861,4,2024-09-18 11:50:26
6043,4,2025-03-03 03:55:03
11593,4,2025-08-22 06:30:15
3120,1,2024-11-12 02:41:33
2347,1,2024-12-20 20:43:42
4995,3,2025-05-24 22:02:26
14508,5,2025-08-23 11:57:01
8021,5,2025-01-23 10:39:36
397,3,2025-06-23 02:00:30
11570,4,2024-05-08 20:32:40
14744,5,2023-12-26 02:19:46
12237,2,2025-06-28 09:16:14
2223,4,2024-11-27 13:42:47
2334,4,2024-05-24 01:48:17
6266,1,2024-09-25 05:20:24
1676,4,2024-07-09 05:40:51
7202,2,2025-06-07 11:52:03
1038,4,2024-07-29 18:03:52
12898,4,2025-08-19 08:39:20
9545,2,2024-03-06 07:21:01
2827,4,2023-12-08 16:19:48
14444,5,2024-07-16 23:52:16
10769,2,2025-04-28 11:35:09
9063,2,2025-01-22 09:55:33
10704,4,2025-02-17 08:52:39
9109,2,2024-09-21 02:05:16
8014,4,2025-09-17 04:20:00
3586,5,2023-11-14 15:36:18
321,3,2024-06-05 14:19:22
13284,1,2025-04-29 13:40:44
14636,5,2024-04-20 19:57:39
3061,2,2025-06-18 18:40:00
909,5,2025-01-20 03:48:45
14921,4,2025-07-19 13:56:34
11599,1,2024-11-23 22:16:09
9148,1,2025-01-07 02:15:03
2446,4,2024-12-02 12:58:31
12997,4,2024-07-10 10:47:02
3088,5,2025-03-30 18:03:41
8011,3,2024-05-11 10:14:22
8249,3,2024-07-17 07:14:02
11201,5,2024-11-02 16:20:15
8427,5,2025-05-13 22:00:00
13086,1,2024-11-19 11:26:38
4557,2,2024-12-13 21:25:50
1344,2,2025-01-14 06:05:46
7541,4,2025-09-07 06:11:24
9348,1,2025-06-06 20:28:02
10534,4,2025-06-01 17:08:32
10880,4,2024-01-12 13:47:06
4542,4,2025-10-25 20:43:08
929,2,2024-01-30 21:53:58
6809,1,2024-10-05 23:24:02
9724,4,2025-05-06 10:48:29
6518,4,2024-01-09 12:31:38
3396,5,2024-08-28 03:02:07
7645,2,2024-02-17 04:27:25
9927,2,2025-06-20 05:07:50
1847,4,2023-11-20 21:43:09
686,4,2024-03-15 05:22:27
2229,4,2024-12-18 04:06:19
12452,4,2025-06-13 10:14:36
12236,3,2024-02-12 16:14:52
3154,4,2024-03-18 09:52:33
220,4,2024-04-11 14:56:19
13292,4,2024-10-15 05:13:06
12524,2,2025-09-15 21:02:21
4661,5,2024-02-06 14:36:04
8599,4,2023-12-10 15:54:25
10895,4,2025-09-28 02:42:32
4698,4,2024-10-04 19:04:10
13876,5,2024-11-28 22:38:54
13279,2,2024-03-21 22:13:48
11726,3,2025-03-10 16:17:58
12767,2,2025-07-26 03:36:30
3750,1,2024-12-21 18:47:21
3126,5,2024-11-22 17:40:57
6008,4,2024-02-26 23:01:10
4250,1,2025-06-14 01:59:21
2308,2,2025-09-19 08:17:21
5929,2,2025-01-08 06:08:39
8108,4,2024-09-30 02:34:16
11778,3,2024-09-15 13:12:03
14123,2,2023-11-17 12:19:52
2073,1,2024-06-27 19:34:47
5234,4,2024-02-09 15:39:03
11489,2,2024-10-13 13:39:50
961,5,2024-06-25 20:27:58
8133,3,2025-05-22 12:26:59
6934,1,2025-10-26 10:30:36
7256,3,2025-09-24 00:20:42
6966,2,2025-04-18 22:01:41
13789,5,2024-06-07 21:33:08
45,4,2024-12-20 03:28:29
13063,2,2024-07-17 17:27:10
437,2,2025-03-02 02:02:37
3766,5,2025-10-01 06:03:43
8012,4,2024-08-24 23:27:31
216,4,2025-01-21 05:55:37
7337,4,2025-03-29 08:43:56
1773,1,2024-03-18 05:11:28
1384,5,2024-02-28 05:49:08
1666,4,2024-06-22 17:23:59
1306,2,2024-12-20 17:50:59
4515,5,2025-04-25 09:30:37
1872,2,2024-04-17 03:11:04
7129,5,2025-07-25 21:16:20
6979,3,2025-03-01 05:31:33
487,4,2025-05-18 06:30:55
3260,2,2024-08-24 16:24:10
13478,2,2024-12-17 17:40:50
14576,4,2025-02-21 20:46:04
9588,4,2024-05-23 11:10:51
13988,4,2024-11-11 00:30:31
6603,5,2024-11-03 20:27:05
10271,2,2024-04-21 21:55:39
7323,3,2025-11-06 11:49:09
14974,5,2024-07-23 18:41:17
3866,2,2025-10-30 09:45:21
9223,4,2025-06-12 08:26:02
4417,2,2025-05-22 15:56:26
11596,4,2025-09-02 09:33:21
10004,4,2025-10-30 23:57:42
10594,2,2024-02-23 10:38:46
8671,1,2024-03-16 21:21:42
1067,5,2024-12-21 14:51:45
1971,2,2025-05-18 17:49:25
6732,1,2025-08-15 13:01:32
7946,5,2024-11-12 09:19:28
9356,4,2023-11-17 22:49:11
7159,5,2024-07-14 01:52:25
9314,2,2024-09-28 16:11:20
1098,2,2024-03-28 12:45:01
13896,1,2024-03-06 02:26:58
3512,5,2024-11-09 18:22:23
13833,5,2024-01-01 09:36:18
13780,4,2023-11-14 16:10:35
13161,2,2024-07-09 12:52:05
13094,5,2025-05-08 03:59:17
14704,4,2024-04-04 02:14:40
13702,4,2024-04-13 02:21:27
10838,4,2025-05-02 09:40:46
14650,4,2024-01-22 05:11:25
12417,4,2024-12-31 23:46:52
7215,2,2024-10-31 12:32:37
8833,5,2024-07-24 10:40:54
768,5,2024-01-22 21:20:50
1536,1,2023-12-27 18:52:17
9232,5,2025-03-09 18:04:35
12528,2,2024-11-08 08:49:51
14598,5,2025-02-14 01:10:26
9829,4,2024-03-10 20:14:07
7592,4,2024-01-01 04:27:36
13893,4,2024-08-08 12:39:11
707,4,2025-03-18 14:02:34
4238,2,2025-01-17 15:09:52
5810,4,2025-09-26 10:27:00
7988,4,2024-05-03 21:14:06
11844,5,2024-08-04 06:12:45
13073,2,2025-03-12 17:49:36
4799,3,2023-11-21 07:07:56
10481,5,2025-10-31 00:40:02
8959,5,2024-04-07 22:49:19
4353,4,2024-06-10 14:17:36
7274,5,2024-06-18 01:22:48
6324,4,2025-08-08 19:42:40
6663,4,2025-10-18 07:31:51
8234,2,2025-09-14 14:10:08
6556,2,2024-10-06 08:02:35
674,2,2025-02-06 07:01:12
7857,5,2025-05-29 19:18:28
9434,4,2024-07-04 19:20:19
4914,4,2024-08-21 14:14:17
10833,4,2025-03-09 09:16:51
13448,2,2025-06-28 01:26:52
3812,5,2024-09-18 13:12:24
5599,4,2025-11-05 00:30:06
5263,3,2024-05-26 04:36:44
12776,1,2025-01-19 03:37:51
14851,2,2025-01-03 13:01:38
4296,5,2025-03-22 16:01:06
10655,5,2025-04-05 11:14:31
463,3,2024-04-15 16:15:21
7702,4,2024-01-09 11:59:57
12655,3,2025-02-12 15:20:01
8819,4,2024-03-07 17:05:17
8958,2,2024-01-29 07:21:24
7565,1,2025-05-30 20:11:36
1305,4,2024-04-26 10:30:04
13759,5,2024-06-14 19:02:54
6170,2,2024-03-27 19:57:48
10866,4,2024-06-01 13:15:07
6486,3,2025-01-21 03:07:09
8303,4,2024-01-28 19:09:44
5576,4,2024-02-16 17:40:30
1813,4,2025-07-21 06:44:35
13842,3,2024-12-20 00:26:57
11420,1,2025-02-08 12:07:23
1858,5,2025-03-25 04:14:40
11931,5,2025-06-27 08:01:39
6902,4,2024-09-02 18:22:48
8433,3,2024-07-23 18:22:18
915,4,2025-01-30 10:44:23
9735,3,2025-07-01 22:27:55
4895,3,2025-09-03 04:16:22
770,5,2025-02-12 06:35:17
14176,5,2025-02-22 01:34:00
8152,5,2024-06-12 15:49:16
2652,5,2025-07-29 08:53:40
14176,5,2025-06-04 23:21:54
14623,5,2025-09-17 02:37:51
3617,4,2025-03-02 16:42:32
2144,5,2025-04-12 13:25:31
14351,4,2025-10-16 13:00:38
5514,2,2024-11-12 00:40:58
10365,5,2024-04-20 21:29:58
880,5,2024-03-19 21:20:22
14018,4,2023-11-12 09:31:36
2967,2,2025-07-10 18:43:12
11370,3,2024-05-08 09:23:00
12515,5,2024-04-26 10:32:17
1699,4,2024-01-20 06:24:30
6104,2,2025-11-01 07:45:13
13057,2,2025-07-26 07:20:25
12460,1,2025-03-01 22:44:53
7776,3,2024-03-03 02:32:31
8103,1,2024-02-29 15:40:00
2833,3,2024-03-17 08:10:37
13139,5,2024-11-13 15:01:51
13972,4,2025-09-19 15:43:41
11968,4,2023-11-10 12:20:30
8664,5,2024-07-18 11:11:40
3736,5,2024-01-09 17:48:08
788,4,2025-10-06 05:31:13
4338,2,2023-12-20 20:37:00
2022,2,2024-02-24 17:08:14
5314,2,2024-12-11 18:37:01
516,3,2025-07-29 07:40:45
10696,5,2024-10-16 20:08:13
12121,4,2024-10-05 17:52:38
2293,2,2025-04-09 17:17:49
12612,4,2024-11-10 16:39:41
11177,1,2024-07-21 09:07:38
7183,1,2024-07-02 07:50:08
10888,4,2024-12-02 23:24:27
2781,5,2025-06-22 15:18:18
2781,2,2024-02-09 10:18:17
207,2,2024-05-15 08:04:18
12846,4,2025-01-18 09:36:06
5390,2,2024-09-10 18:23:19
9976,2,2024-08-29 09:17:58
8935,3,2025-07-03 10:38:49
14644,5,2024-09-04 18:32:13
586,1,2025-05-11 21:05:35
1133,3,2024-11-12 20:39:02
8277,5,2024-08-12 01:15:48
2823,5,2024-07-09 11:24:05
4291,4,2025-08-22 17:17:53
14402,5,2024-12-19 18:15:30
10151,4,2024-07-13 12:31:28
10516,4,2024-12-26 12:26:04
3948,2,2024-01-10 01:29:13
7480,2,2025-09-26 09:22:36
12048,5,2025-02-22 12:51:33
8646,4,2025-08-25 11:19:19
999,5,2024-04-24 11:06:46
11520,4,2024-03-18 08:22:19
13759,5,2025-03-16 14:03:59
3811,5,2025-08-18 19:15:43
4140,4,2024-06-13 01:07:41
10629,4,2025-05-15 20:13:17
3858,4,2024-02-29 07:17:25
10586,2,2025-08-23 16:09:54
13385,4,2024-10-14 22:32:40
8472,1,2025-01-18 15:57:12
2388,4,2024-10-18 08:37:59
3769,4,2024-11-24 23:44:41
11333,3,2025-05-03 05:20:17
1878,5,2025-07-15 03:06:51
6329,4,2024-05-22 22:07:33
3103,5,2025-04-25 15:55:03
11871,5,2024-02-11 17:10:19
10648,4,2025-01-16 15:50:39
4528,4,2025-10-09 04:31:17
5159,5,2024-10-13 12:25:59
12946,4,2025-03-30 19:37:04
7489,1,2024-08-06 18:17:40
6064,2,2024-03-27 14:07:53
6213,5,2023-11-29 23:16:58
14794,3,2025-09-13 01:43:49
6389,4,2024-08-20 08:38:33
14828,3,2025-09-04 17:02:07
11616,5,2024-11-06 08:01:25
13235,4,2025-06-30 23:27:49
10062,2,2025-04-13 18:10:25
7692,4,2024-08-05 01:29:23
12665,3,2025-05-29 03:48:20
8983,4,2024-10-04 17:07:31
8754,4,2024-04-24 08:53:13
2611,4,2025-03-03 12:58:20
3836,4,2025-01-18 03:03:23
14709,3,2025-09-20 23:03:33
11176,4,2025-10-25 09:04:58
5966,5,2025-11-08 23:33:29
5948,5,2024-04-06 15:56:23
383,2,2024-09-02 09:15:45
1426,5,2024-08-26 23:26:33
13915,1,2024-03-28 08:38:45
241,4,2025-11-04 03:42:27
6039,2,2025-06-13 00:32:41
5499,3,2023-11-18 14:41:17
7487,4,2024-04-10 10:23:20
4863,4,2024-10-18 16:43:07
8878,4,2024-08-16 17:06:24
4593,5,2024-12-22 21:08:19
7140,4,2024-04-09 16:43:36
7824,4,2023-11-14 16:24:08
875,2,2025-02-07 15:05:01
2161,5,2024-07-08 09:50:30
4812,5,2024-07-22 10:31:13
12772,4,2024-01-22 10:02:56
2070,2,2025-10-17 22:46:13
11638,2,2024-08-22 19:55:36
10357,5,2025-10-21 15:37:17
4508,1,2024-05-25 10:10:30
13555,4,2024-12-04 20:29:13
2670,2,2025-10-26 02:56:13
14508,2,2023-11-20 09:58:29
7955,2,2025-02-23 14:50:04
11287,4,2024-06-09 09:20:50
2233,2,2023-12-06 08:45:01
13023,3,2025-03-27 00:45:35
966,4,2024-06-10 21:12:20
12339,1,2025-03-22 17:24:40
6092,1,2024-11-16 04:00:16
14515,1,2024-09-14 16:28:41
3047,4,2023-12-14 10:25:08
3726,1,2025-05-03 12:46:55
2231,5,2025-05-10 08:10:52
13266,4,2024-05-24 20:42:32
7928,4,2024-06-10 06:42:37
9405,4,2025-03-09 23:37:30
11455,4,2023-12-24 18:31:41
8551,4,2025-01-27 17:57:54
5647,5,2025-08-10 19:38:36
12550,4,2023-12-03 22:55:50
12994,3,2025-09-10 18:40:49
13186,4,2025-05-21 00:46:47
14774,2,2025-10-30 18:59:16
5445,5,2024-11-10 00:15:39
11217,5,2025-02-24 05:13:22
14445,3,2025-03-15 09:32:56
4195,3,2024-10-28 07:52:27
6893,3,2024-11-25 03:36:11
7134,5,2024-03-24 07:03:55
9639,3,2024-11-12 01:27:28
8880,3,2025-06-14 19:33:35
5209,2,2025-09-19 21:44:39
14992,5,2025-03-27 06:55:06
870,5,2025-06-15 07:41:00
822,5,2025-01-07 02:13:29
1312,4,2025-07-29 11:20:19
9250,4,2024-01-30 00:20:20
5461,1,2023-12-09 23:43:11
8084,4,2024-08-23 08:21:00
10914,1,2023-12-02 17:17:59
1366,2,2025-02-28 09:24:20
9848,1,2025-10-04 22:03:00
13197,5,2025-05-17 08:48:37
11252,4,2024-03-08 07:26:27
6654,2,2025-05-11 09:48:53
13396,1,2025-06-04 03:25:51
2903,1,2024-03-26 17:32:15
7172,2,2025-09-16 18:44:19
174,4,2025-09-01 06:28:08
5235,4,2024-02-20 13:50:24
13074,4,2024-01-13 15:42:09
7212,3,2024-10-01 05:08:22
7178,4,2025-08-19 03:49:39
11538,5,2025-08-28 06:39:10
9024,5,2024-02-11 02:00:57
460,1,2023-12-23 20:33:00
160,1,2024-10-19 16:54:17
12663,4,2025-03-19 11:11:37
1942,4,2025-05-15 06:06:49
14390,5,2023-12-28 17:34:14
1180,4,2024-07-11 09:32:01
3628,1,2024-01-25 00:48:50
5885,5,2025-09-06 15:58:26
9292,5,2025-01-05 22:11:27
1158,5,2024-06-12 20:18:27
9464,5,2025-09-02 12:54:21
7021,1,2024-04-09 03:33:41
8958,5,2025-04-02 03:47:10
723,3,2025-03-01 05:35:59
4376,4,2025-06-05 02:52:18
10850,5,2023-11-23 06:34:26
11451,1,2024-07-25 17:03:52
46,5,2025-08-21 15:38:58
5476,4,2025-04-15 06:33:30
5701,2,2025-08-30 03:53:36
6218,5,2025-10-09 02:44:18
4684,5,2024-07-13 03:21:35
9538,4,2025-10-07 14:45:37
12932,4,2025-05-14 06:13:01
250,4,2024-03-20 18:06:31
10538,1,2025-10-13 19:40:21
4003,5,2025-02-08 03:22:11
4150,4,2025-05-24 05:19:18
6292,4,2024-08-20 19:15:25
107,5,2024-12-15 09:01:24
5474,4,2023-11-21 07:54:36
7392,4,2025-04-09 10:49:50
2802,3,2024-09-18 11:25:50
2745,4,2024-09-28 17:36:06
10995,1,2025-08-21 23:54:37
2318,4,2025-04-11 22:59:18
4192,4,2025-04-13 10:45:21
9763,4,2023-12-28 01:52:24
13127,4,2023-12-30 18:35:12
12320,2,2024-04-08 04:24:02
11476,1,2025-08-12 03:44:26
5777,1,2025-06-23 15:16:16
9386,1,2024-12-03 20:51:22
5998,2,2024-03-03 21:35:56
8244,5,2025-05-29 12:29:03
9016,4,2024-06-04 10:11:37
9323,3,2024-01-14 13:01:47
11534,4,2024-03-23 08:57:41
729,2,2024-10-19 17:17:37
8766,4,2023-12-14 21:26:13
1101,4,2024-06-11 07:54:23
8332,1,2025-02-24 23:32:34
4524,4,2024-04-12 15:28:00
1573,1,2025-04-28 06:20:58
12354,4,2024-12-06 22:18:20
9031,4,2024-09-23 04:44:27
13741,1,2024-03-23 16:06:03
4129,5,2025-03-17 18:35:04
10729,4,2025-06-12 09:37:50
6906,1,2025-08-25 10:04:09
168,4,2025-08-22 02:34:35
2091,4,2023-11-12 19:50:47
11705,2,2024-07-09 00:16:00
11747,4,2024-06-09 23:03:16
14350,4,2025-01-18 17:19:26
14722,4,2024-08-08 16:58:40
6848,5,2024-02-09 18:05:54
6486,4,2024-08-01 12:52:31
11719,3,2024-11-06 11:18:43
7531,4,2025-01-24 15:15:25
8803,4,2025-08-20 17:52:41
2653,2,2025-05-04 03:34:00
14475,1,2024-01-16 04:40:16
4892,4,2025-01-23 02:16:22
9537,2,2025-11-01 21:16:57
12865,5,2024-11-03 22:47:07
10160,4,2024-01-17 19:11:51
1330,1,2024-02-08 15:00:52
7977,5,2025-10-23 08:42:24
9129,2,2024-01-19 15:55:57
12340,2,2024-03-31 01:48:15
11476,4,2025-05-29 23:32:40
8391,2,2024-01-16 10:40:53
4968,3,2024-04-02 12:40:20
593,5,2024-07-13 22:23:33
11221,4,2025-02-11 11:32:49
6830,5,2025-03-11 00:52:30
7433,5,2023-11-25 22:34:05
7109,1,2025-06-27 20:29:03
2407,4,2024-03-20 20:23:18
10725,3,2025-07-14 22:51:25
2479,4,2023-11-18 10:19:52
12042,4,2024-04-27 06:42:55
6678,5,2025-03-19 19:54:28
1387,4,2024-08-27 05:28:36
4320,5,2024-11-01 21:16:08
14539,5,2024-01-12 10:48:51
14565,5,2025-09-21 15:54:10
3865,4,2025-05-25 21:14:13
13254,2,2024-05-19 23:09:35
13672,5,2024-07-06 09:13:04
459,5,2025-08-21 16:17:53
14149,5,2025-04-22 04:27:37
9236,3,2025-03-23 05:24:13
6577,3,2025-10-10 12:31:47
12650,2,2025-09-11 20:47:21
5907,2,2024-04-06 17:50:31
7737,2,2025-06-12 20:26:33
11930,3,2025-06-19 09:28:46
7060,4,2025-06-05 15:06:58
2902,4,2024-02-21 10:05:45
11432,2,2024-07-08 11:38:17
5020,2,2023-12-21 17:58:54
9764,5,2024-08-30 22:35:56
4950,1,2025-05-11 14:55:47
222,4,2024-06-20 07:14:04
6029,2,2024-03-27 13:58:31
2976,4,2024-06-13 23:59:39
4339,2,2024-02-27 09:28:17
12987,1,2025-01-22 04:50:52
12727,4,2024-07-12 09:50:59
13265,5,2024-09-26 20:56:16
10778,2,2024-05-03 19:56:47
14806,4,2025-08-20 02:23:57
8698,1,2024-04-04 12:53:10
1301,5,2024-06-09 05:05:22
9126,4,2025-09-26 14:39:06
13364,1,2024-04-13 01:33:22
14569,2,2024-03-26 21:20:53
13831,3,2024-06-26 09:40:37
1843,4,2024-05-29 18:27:01
13368,4,2025-05-05 03:09:58
13053,4,2024-10-16 18:26:47
14827,4,2024-06-02 19:13:07
7045,5,2024-01-21 02:25:31
3195,5,2024-11-24 19:52:13
10580,2,2024-08-12 04:16:24
13332,4,2025-02-01 19:25:05
6021,4,2024-08-18 17:58:51
415,1,2024-08-07 06:56:47
2098,5,2025-07-02 05:46:12
10856,1,2025-03-22 20:14:30
434,4,2024-12-20 13:57:46
12973,5,2024-10-24 14:15:16
13208,3,2025-08-15 14:44:30
14884,4,2025-03-14 10:55:28
10198,4,2025-04-26 23:05:28
12707,4,2025-08-17 08:19:08
10566,5,2024-03-21 17:37:02
5636,5,2023-12-08 20:27:24
11189,4,2025-08-19 16:07:35
2471,2,2025-02-06 21:05:12
10092,4,2024-09-04 21:20:56
4708,4,2024-03-10 06:16:36
3695,5,2025-01-01 03:49:54
8312,5,2025-01-25 01:17:12
1502,2,2024-04-21 22:46:43
8380,5,2025-05-08 17:27:46
12526,2,2024-10-12 07:21:11
633,4,2024-08-05 18:49:32
6496,4,2025-03-26 02:12:04
11105,4,2025-08-01 04:09:59
14075,5,2025-04-23 01:28:19
12486,5,2025-07-20 19:18:52
3282,4,2024-06-21 13:17:34
3438,1,2024-04-19 10:49:52
2645,1,2024-08-02 02:27:32
1739,3,2025-05-06 18:13:56
5671,4,2024-12-05 14:36:16
2528,4,2025-01-11 18:31:04
14095,5,2025-08-15 21:24:29
937,5,2025-06-09 12:43:12
6089,2,2025-07-19 06:28:20
12950,2,2024-06-06 05:19:59
1880,3,2024-01-19 19:34:55
12993,4,2024-12-12 23:49:54
7956,4,2025-07-03 01:07:42
12652,5,2024-04-21 23:52:56
223,1,2024-05-28 21:11:41
2860,5,2024-04-27 20:18:22
6543,5,2024-11-07 14:04:46
5987,5,2024-05-30 22:15:36
738,4,2023-12-04 17:58:25
10260,2,2025-10-26 09:33:45
11803,5,2024-02-07 21:03:13
7017,4,2024-12-15 21:52:26
11812,5,2025-04-04 15:56:27
8965,4,2025-03-14 12:33:04
13164,4,2024-04-03 02:57:47
2765,4,2024-11-13 10:17:34
10204,1,2024-02-26 22:05:07
11944,3,2024-11-07 05:51:09
3307,3,2025-02-08 02:52:17
6612,5,2024-07-18 04:43:39
596,3,2024-08-25 11:35:35
1216,5,2025-01-21 05:09:48
1310,2,2024-08-29 20:29:44
10683,5,2025-04-04 15:25:50
11395,4,2025-02-09 08:08:19
7785,3,2025-10-10 08:43:17
13774,4,2023-12-06 14:44:43
9367,2,2024-07-17 17:11:24
1889,3,2025-05-08 00:42:03
5059,5,2024-01-30 13:52:00
3821,4,2025-03-13 05:56:59
9603,5,2024-08-15 01:49:30
13231,5,2025-09-15 13:12:31
7864,4,2025-10-10 04:02:44
6896,2,2023-11-16 10:58:29
5066,3,2024-03-12 15:03:48
4879,3,2024-10-02 15:20:59
14497,1,2024-11-13 15:37:34
14591,4,2024-07-27 07:13:57
14056,5,2024-07-28 19:45:27
5784,5,2025-03-27 13:07:21
617,3,2025-10-11 16:30:16
6990,3,2024-01-27 03:44:47
1801,2,2024-04-03 15:45:04
9328,3,2025-10-19 14:04:03
812,3,2024-08-14 09:25:40
131,4,2024-07-05 05:07:52
8668,4,2024-03-15 17:32:18
4911,5,2024-11-06 22:17:27
4752,2,2025-01-08 00:25:20
6447,5,2024-04-02 22:01:37
7121,5,2025-06-16 10:52:40
12212,5,2023-11-27 05:11:18
12972,1,2024-10-16 07:27:18
9329,1,2025-07-30 20:43:07
3973,2,2025-03-03 06:13:35
7388,5,2024-10-29 20:30:13
4323,4,2025-02-13 08:46:30
3679,5,2025-01-30 16:30:33
9920,2,2025-05-02 18:07:44
10962,2,2024-10-13 04:08:23
4083,5,2025-05-31 01:43:33
1003,3,2024-09-15 11:51:19
7847,5,2024-11-12 03:45:46
4704,3,2025-08-19 04:25:25
7744,1,2024-05-17 12:33:45
4005,5,2024-05-24 12:04:28
7092,1,2025-05-25 04:22:46
11855,2,2024-08-26 04:58:02
2318,1,2025-02-19 02:06:32
12760,5,2024-07-29 18:14:49
14066,5,2024-11-19 03:15:54
5420,4,2025-04-20 08:56:14
38,2,2024-09-16 21:46:32
9986,5,2024-06-30 11:22:32
5907,3,2023-12-11 11:47:52
5362,4,2025-10-31 21:21:35
3651,2,2025-09-21 20:16:15
14501,4,2024-05-10 07:27:54
2582,1,2025-06-25 02:18:55
14058,5,2025-11-05 08:49:31
3001,4,2025-10-10 01:05:24
4936,5,2025-10-30 06:09:17
12148,3,2024-12-08 02:10:23
13619,5,2024-02-02 02:18:30
11598,2,2024-10-02 07:29:14
12342,2,2024-10-06 02:59:00
1470,3,2025-07-03 13:29:45
1056,4,2024-06-06 12:59:32
3406,1,2025-01-31 20:53:46
8792,2,2024-09-16 14:15:48
2654,2,2025-02-12 23:28:43
6404,5,2023-12-02 12:02:48
14290,2,2024-03-16 17:24:19
2187,4,2024-12-12 03:55:15
153,5,2024-03-18 13:22:33
9399,1,2025-10-26 17:39:25
3764,5,2024-06-30 19:00:30
7676,4,2025-09-28 23:04:22
14761,5,2025-02-15 21:51:05
7169,2,2025-05-05 04:32:00
9994,4,2024-12-21 09:24:02
2844,4,2024-04-12 11:20:31
1282,1,2025-01-24 11:48:30
9112,2,2025-06-16 07:14:28
476,4,2024-02-26 17:07:31
2082,2,2024-02-19 05:04:48
13263,2,2025-04-08 14:31:54
11759,4,2024-07-26 02:03:07
854,2,2025-07-14 19:44:20
6777,2,2023-12-22 02:38:46
12718,2,2024-01-19 12:53:33
13515,4,2024-07-07 13:00:58
820,4,2025-07-18 03:47:07
14294,2,2025-06-27 03:43:02
2431,4,2024-02-28 04:45:46
5189,4,2025-07-24 20:35:21
6313,5,2024-08-05 03:33:25
4174,1,2024-10-31 14:46:46
7954,5,2024-09-12 21:36:01
12607,1,2024-03-17 17:56:22
1386,4,2024-11-02 01:43:02
7503,1,2023-11-10 23:27:29
5680,2,2025-04-04 21:05:38
820,3,2024-03-03 21:10:17
14139,1,2024-04-13 23:35:17
3696,2,2025-09-26 03:12:32
10149,3,2024-03-22 23:19:40
9801,5,2024-07-01 08:02:58
2829,5,2024-07-06 04:27:14
4093,4,2024-01-11 18:02:36
352,4,2024-04-01 16:48:53
1852,5,2024-05-11 18:31:14
13286,5,2025-09-06 13:35:09
14890,4,2024-04-16 05:56:10
8841,2,2024-10-14 09:36:02
4949,5,2024-01-19 08:34:20
13773,4,2025-05-25 18:34:59
5417,4,2024-05-18 09:53:04
170,2,2024-03-09 01:04:44
11213,5,2025-04-25 03:43:33
12911,3,2025-01-14 16:10:51
11502,2,2025-08-28 04:08:28
10780,5,2025-07-04 18:07:49
3821,5,2024-08-27 00:24:39
5225,3,2023-11-14 03:55:01
2517,5,2024-11-15 02:04:42
8893,4,2024-03-13 01:51:45
10718,4,2024-08-04 01:38:04
9708,5,2024-01-26 22:15:42
3578,5,2024-11-10 00:06:02
12411,3,2025-01-10 09:17:47
7142,4,2025-04-26 18:22:00
6695,5,2024-09-11 09:18:49
12517,2,2025-05-06 01:56:18
1246,4,2024-04-23 08:52:31
10958,2,2025-10-19 08:10:51
11860,4,2024-11-11 04:09:38
4467,4,2025-04-12 12:18:20
1053,1,2024-08-28 14:19:23
1547,1,2025-08-17 01:10:15
12275,4,2024-11-04 07:42:26
6103,4,2025-05-11 20:42:40
8779,5,2024-05-16 20:46:43
1704,4,2025-06-25 00:08:15
4295,3,2025-10-22 12:55:18
5007,2,2024-01-23 18:02:40
13019,5,2024-09-06 08:38:28
10458,3,2024-02-18 03:11:52
5363,4,2024-07-14 14:20:19
4617,2,2025-06-24 23:54:58
9762,4,2025-11-05 18:17:40
10789,4,2024-02-22 00:50:59
7146,1,2024-09-15 22:06:34
2999,4,2025-07-02 22:21:32
4659,4,2024-07-21 09:32:46
4611,4,2025-10-07 20:04:11
14186,5,2024-06-17 06:52:10
13524,4,2025-08-08 01:45:10
10043,4,2025-04-17 09:59:02
2636,2,2025-05-30 14:51:45
327,5,2025-09-18 03:44:41
344,2,2024-10-05 02:42:59
35,4,2025-02-15 23:29:12
8835,5,2024-09-11 05:38:33
14303,4,2024-12-29 04:22:05
13265,4,2024-01-04 23:31:09
11630,4,2024-08-05 17:48:45
13803,1,2024-11-23 14:29:07
7391,5,2025-04-13 15:08:45
13479,4,2025-06-07 10:20:19
2906,2,2025-02-07 19:34:04
12937,1,2023-12-01 05:07:21
6677,2,2024-04-30 12:24:58
1869,2,2025-09-28 04:17:56
6516,5,2025-02-24 23:25:05
4993,1,2024-03-27 16:53:00
3111,4,2025-06-28 17:23:16
14747,4,2024-05-10 23:23:41
11027,4,2024-08-23 00:52:10
5724,1,2024-08-17 17:08:11
7814,4,2024-07-31 07:01:14
14675,4,2024-12-03 19:33:20
712,5,2025-08-10 18:00:39
2737,4,2023-11-11 13:24:29
13324,4,2025-02-26 13:31:28
9941,4,2025-02-17 17:04:53
8244,4,2025-06-16 04:09:13
9496,1,2024-09-14 14:22:01
11351,5,2025-10-20 16:51:30
12033,4,2024-01-09 08:09:00
11494,5,2025-03-25 18:10:20
6300,3,2024-05-07 00:37:12
13590,5,2024-02-25 13:44:08
5048,4,2024-12-02 15:28:38
5627,5,2024-04-04 07:45:53
7130,3,2023-12-14 16:34:50
14526,4,2024-04-22 09:23:45
4393,4,2024-07-01 20:16:13
6932,2,2024-10-13 12:11:44
9406,2,2024-01-21 10:35:44
64,3,2024-07-31 02:05:37
11240,4,2024-09-03 15:15:31
11233,3,2025-04-01 08:01:15
4519,4,2024-03-29 00:51:53
13140,2,2024-10-05 23:34:26
7571,5,2024-03-06 09:52:41
6532,4,2024-06-18 15:51:21
6240,4,2024-07-08 22:54:58
4752,4,2024-09-05 18:30:12
10486,2,2025-04-17 19:44:22
2801,4,2025-08-09 05:24:56
2287,2,2024-11-17 15:44:36
4750,2,2023-12-07 08:57:20
2936,5,2024-05-31 01:29:44
1711,4,2024-10-02 21:29:06
9391,2,2024-03-28 18:11:49
7905,4,2024-03-16 08:23:59
9749,4,2024-09-14 15:01:35
9066,4,2025-04-23 07:28:30
7325,2,2024-12-16 03:48:57
3488,5,2025-08-19 06:57:38
6608,5,2024-01-31 23:44:56
3331,5,2024-11-05 10:31:37
1591,2,2025-07-28 12:56:11
8870,3,2024-01-13 12:16:11
9331,4,2024-08-05 06:59:41
1939,3,2025-04-26 04:55:47
13167,4,2025-06-01 09:42:38
6101,1,2024-01-28 02:04:03
4447,2,2025-04-02 18:00:59
9855,3,2025-09-10 05:16:48
4494,4,2024-09-19 11:40:23
13411,2,2025-07-26 11:00:07
6191,4,2025-07-29 01:44:13
14913,5,2023-11-19 19:37:14
2244,4,2024-03-14 06:49:50
14011,4,2024-07-15 02:48:40
3866,5,2024-02-18 07:37:05
12995,5,2025-01-29 16:35:33
14759,5,2024-12-08 02:21:12
12870,4,2024-09-03 13:50:14
7162,4,2025-04-26 09:16:25
3691,4,2024-10-28 11:48:51
4710,4,2023-11-19 07:46:04
2724,2,2024-11-21 22:02:04
12141,4,2025-04-01 03:46:34
14237,5,2025-04-13 21:04:43
12760,3,2024-09-17 08:02:01
2574,4,2024-10-03 10:54:36
5678,4,2025-07-01 10:55:33
9080,5,2023-12-22 15:54:13
11162,2,2024-07-02 15:13:16
6654,5,2024-10-05 09:57:48
6034,2,2024-05-29 05:18:26
5505,1,2025-06-08 16:50:02
5055,3,2025-03-16 20:32:26
5035,5,2024-02-08 09:21:40
3520,5,2025-02-21 04:19:52
14318,4,2025-07-29 05:38:30
1838,1,2025-07-25 13:54:09
9513,5,2025-10-15 18:01:02
4260,4,2024-10-25 01:22:47
5462,4,2024-12-04 06:50:45
3199,5,2024-08-25 21:42:26
14318,2,2025-07-08 22:42:02
13525,2,2024-11-12 03:18:03
614,4,2025-05-16 08:49:09
13306,2,2024-07-27 13:46:34
7863,2,2025-08-27 00:10:45
13554,3,2024-12-29 21:18:46
1026,5,2024-08-19 17:15:23
5010,4,2024-02-05 01:27:33
11943,4,2025-07-12 10:25:21
8387,3,2024-03-28 05:33:02
11233,5,2024-10-04 16:53:11
8136,5,2024-12-27 07:33:46
2664,4,2025-06-22 07:54:39
5086,4,2024-09-03 04:10:21
9906,4,2025-09-16 07:34:26
4293,1,2025-04-17 09:24:42
9627,4,2024-01-11 11:13:03
1838,5,2024-03-06 03:09:38
3734,2,2023-11-15 17:25:21
11615,4,2024-07-29 04:01:53
9740,5,2025-11-04 22:03:45
2789,3,2025-05-12 21:42:07
12722,4,2025-02-10 16:59:21
11866,5,2024-05-28 14:09:41
9193,2,2024-04-11 19:30:50
10406,4,2024-12-14 06:06:07
8493,2,2025-08-02 16:05:03
2351,5,2025-03-01 15:13:29
8828,4,2025-05-28 11:43:22
13435,4,2025-09-17 18:49:22
9969,1,2024-10-28 17:21:22
236,2,2024-10-13 02:38:25
5386,1,2023-12-18 00:39:28
8133,4,2024-11-05 07:33:11
8575,4,2024-06-16 03:16:06
487,5,2023-12-11 06:29:38
13909,4,2024-02-12 17:37:22
9991,1,2025-09-14 10:30:25
5515,4,2024-11-24 14:56:39
10760,1,2024-11-01 19:26:05
7296,5,2024-08-21 11:03:23
2422,3,2023-12-19 05:10:39
3404,4,2025-09-30 22:59:38
13584,4,2025-02-17 20:01:39
12303,5,2025-04-26 10:55:57
12597,1,2024-08-23 03:55:26
11032,4,2024-05-24 07:27:08
9432,4,2024-10-05 23:24:36
4074,1,2024-07-29 10:28:57
7772,5,2025-04-17 14:34:56
1987,4,2024-06-27 08:16:20
968,4,2025-06-27 22:33:24
14018,2,2025-08-07 14:09:47
5370,5,2023-11-28 14:22:37
11709,4,2025-01-04 21:18:18
11423,3,2024-06-04 21:22:15
6212,3,2024-03-28 03:28:28
3556,4,2024-06-25 02:07:25
6570,3,2024-08-13 12:33:54
13083,2,2024-09-29 06:18:21
5471,2,2023-11-23 22:19:02
10369,1,2024-10-22 08:08:20
10661,5,2024-07-19 11:19:44
9582,5,2024-06-28 12:57:34
12941,2,2025-03-18 07:18:59
4033,4,2023-12-07 23:39:10
2196,2,2025-02-15 01:51:48
2978,5,2024-02-05 01:40:01
6197,4,2024-08-13 19:15:34
2902,3,2025-05-31 19:25:30
1126,2,2023-12-08 18:14:36
573,2,2024-12-26 23:18:10
10398,2,2025-06-06 01:44:19
13570,4,2024-09-13 01:42:52
3096,2,2024-05-21 10:28:39
8035,2,2024-03-25 10:19:54
7973,4,2024-01-14 14:29:12
14293,5,2024-12-29 20:35:12
4434,4,2024-01-22 18:42:01
5194,4,2024-02-16 05:34:05
9423,3,2025-05-27 20:02:20
4262,4,2024-03-01 16:06:18
11339,1,2025-03-15 22:13:26
8285,4,2024-11-27 14:19:11
7444,3,2024-10-10 04:02:10
14020,4,2025-10-03 17:11:05
2225,2,2024-06-10 16:26:55
14554,5,2024-08-04 14:12:23
9175,2,2024-10-31 02:03:14
12709,2,2025-04-28 11:28:50
3413,2,2025-03-03 17:56:54
8085,5,2024-05-17 22:06:23
12246,4,2025-10-23 22:56:58
3835,5,2025-08-12 13:30:22
229,1,2025-10-12 03:42:02
139,2,2025-08-19 19:44:14
3163,3,2025-11-03 10:26:36
3053,2,2025-06-01 10:01:47
4334,3,2025-08-08 14:42:02
10735,1,2024-12-20 23:34:55
571,3,2025-01-25 07:56:28
2195,4,2024-10-31 09:17:59
928,4,2023-12-11 21:20:33
13744,4,2024-01-08 18:28:36
2615,4,2024-07-20 23:47:24
10181,5,2024-08-25 21:08:54
10393,2,2023-12-10 01:28:05
7629,5,2024-03-03 07:21:58
12197,5,2025-02-25 14:54:43
3004,5,2025-05-25 12:32:23
13000,4,2025-03-19 17:27:48
13638,1,2025-08-02 09:23:56
6869,4,2025-09-25 10:05:56
3153,5,2024-01-27 20:48:13
11265,5,2024-09-01 23:06:50
2447,4,2024-12-12 11:53:52
2783,4,2025-05-26 18:09:30
9742,5,2024-01-10 12:01:23
11821,5,2024-07-29 16:16:47
6706,1,2025-10-30 16:29:04
5554,5,2025-03-18 21:27:12
982,4,2025-06-14 07:05:20
13074,2,2024-07-01 21:09:58
3543,2,2024-10-03 12:16:05
10721,4,2024-09-16 14:04:01
3346,4,2023-11-27 16:59:52
12178,4,2024-04-01 04:26:59
8121,4,2025-06-12 08:29:10
5181,2,2024-05-27 19:55:11
12982,4,2025-05-23 19:13:33
2740,3,2025-03-31 10:35:33
7452,5,2025-06-09 04:23:23
2371,2,2025-09-26 02:39:41
3010,5,2024-01-10 21:41:13
2361,5,2025-08-21 07:48:58
2326,1,2025-10-18 23:06:49
4450,5,2024-10-11 23:33:32
6158,4,2024-02-08 18:04:01
6893,3,2025-07-18 18:21:03
3681,2,2024-04-07 04:14:09
10675,4,2025-01-26 17:59:46
2195,5,2024-05-31 00:40:48
8849,4,2024-07-02 19:49:25
1733,4,2025-03-02 11:00:36
8799,2,2024-12-13 14:07:54
8856,2,2025-01-02 02:21:58
13146,3,2025-09-03 19:59:43
9110,5,2025-07-18 19:49:03
3505,4,2024-05-17 15:36:49
8611,5,2025-05-02 13:37:50
8376,4,2025-07-22 21:19:25
1452,1,2023-12-18 06:01:10
4778,2,2024-08-27 00:00:41
7163,5,2025-01-28 15:29:51
12075,2,2024-11-11 15:34:39
9961,1,2024-04-25 11:31:52
12869,5,2025-06-23 04:34:13
4408,3,2025-11-05 22:19:06
8261,5,2024-10-14 16:59:48
4495,4,2024-06-10 18:08:09
1081,2,2025-06-12 10:24:06
12166,5,2025-04-28 09:04:55
25,1,2025-07-06 20:28:14
338,5,2024-04-02 13:41:23
12998,5,2024-06-12 08:40:07
3921,2,2024-12-03 21:33:11
8457,2,2025-04-14 20:16:54
4131,4,2023-12-15 20:26:08
14023,1,2025-02-21 22:43:16
2276,3,2024-09-14 23:29:56
11031,4,2025-10-16 22:38:31
12125,3,2024-03-30 02:40:43
8877,3,2025-04-20 02:27:28
13806,2,2024-06-18 14:53:37
4228,4,2024-06-09 02:51:08
9777,2,2023-11-14 05:53:53
3591,4,2024-09-21 14:10:37
13682,4,2024-04-19 05:02:27
8576,1,2023-11-24 20:41:10
9899,4,2025-07-09 18:13:08
5403,3,2024-09-27 03:18:52
298,4,2025-04-03 19:04:26
5948,5,2024-02-19 02:46:15
6736,5,2024-06-10 17:47:55
9949,4,2024-06-04 17:58:25
4479,2,2024-11-03 12:16:08
11733,4,2025-02-17 15:23:24
14439,2,2025-07-16 03:13:14
12616,4,2025-03-17 10:19:32
2494,1,2024-07-14 10:39:38
7320,2,2024-01-24 18:42:14
14593,5,2024-04-30 05:30:44
14537,5,2024-05-02 22:46:38
7661,4,2023-11-24 08:38:36
5105,5,2025-05-14 00:36:58
286,4,2024-07-19 10:53:13
1552,1,2024-04-30 00:33:15
11489,4,2023-12-29 19:36:44
6860,1,2025-02-27 04:48:21
5364,5,2024-06-20 21:18:15
14194,1,2025-05-28 21:41:59
7613,2,2025-05-16 09:00:29
6988,4,2025-02-25 14:12:57
9201,5,2025-08-13 15:40:14
486,4,2024-11-02 02:46:08
14813,5,2025-02-08 23:15:14
5749,5,2024-10-02 03:21:49
11720,5,2025-03-17 08:45:35
12312,5,2025-02-14 15:38:43
6256,4,2024-07-22 16:07:17
14645,5,2025-01-03 21:14:49
13962,2,2024-09-07 11:57:42
10192,4,2024-11-13 17:37:12
8180,2,2025-11-01 13:49:23
5065,5,2025-01-16 11:13:19
5730,2,2023-11-20 02:00:35
6715,3,2024-08-02 16:48:16
12280,4,2024-07-31 20:54:32
6460,5,2024-07-15 14:18:48
11528,2,2024-08-05 08:28:32
14024,5,2025-08-10 06:39:00
13965,3,2024-10-20 11:38:25
4808,4,2024-03-07 05:05:54
985,2,2024-11-03 03:03:58
6764,2,2025-09-03 22:05:22
9268,4,2025-06-09 02:16:09
3856,4,2024-12-01 21:18:04
879,5,2024-04-21 22:18:19
2497,1,2024-12-27 17:25:09
12954,4,2025-05-05 06:16:59
2681,4,2024-03-21 09:01:09
6549,3,2025-04-16 01:06:25
13409,4,2024-09-08 07:00:30
11637,4,2024-05-26 22:11:42
1316,2,2024-09-18 07:03:09
14044,3,2023-12-05 09:13:51
5528,4,2025-04-06 12:03:08
13211,5,2025-09-02 07:36:29
13130,5,2025-01-27 01:47:28
4255,2,2024-01-10 09:06:31
13379,4,2025-03-14 17:35:30
2638,2,2024-11-22 05:28:30
10757,4,2025-01-19 07:36:35
4050,2,2024-08-04 12:34:59
5095,3,2024-01-13 20:41:12
13498,1,2024-04-19 12:46:28
11691,3,2025-06-13 07:40:24
958,4,2024-12-25 16:02:43
9744,4,2024-08-23 01:58:02
1466,1,2024-07-03 11:19:14
4880,1,2024-06-23 23:42:55
1753,4,2025-06-15 12:44:18
9662,2,2024-07-12 06:04:03
12791,3,2024-10-26 00:17:40
12462,1,2025-04-17 05:21:23
8313,5,2024-11-07 08:20:11
7646,2,2023-12-03 06:51:47
10301,5,2024-03-10 09:56:08
3662,4,2025-03-09 16:01:28
7743,2,2025-02-06 15:45:13
12201,5,2024-03-18 19:53:32
12460,5,2025-03-09 04:53:07
6808,4,2024-08-09 10:31:49
7701,1,2025-01-22 02:05:52
11090,4,2024-10-10 12:03:24
4118,4,2024-09-27 23:13:34
5552,2,2025-06-26 11:15:28
9170,1,2023-11-28 12:06:10
8963,5,2025-06-15 22:38:05
7628,1,2024-06-17 19:47:22
2781,3,2025-01-15 12:31:24
13082,3,2025-06-10 05:52:28
2659,2,2024-11-25 12:06:39
624,4,2024-05-10 15:12:39
12508,5,2024-08-27 19:32:48
6528,3,2025-10-25 19:42:36
11178,3,2024-12-31 21:11:39
11307,5,2024-02-20 14:45:25
12265,1,2024-08-30 06:09:52
900,3,2025-02-23 21:18:33
6364,4,2025-08-31 06:42:10
3238,5,2024-02-14 05:50:05
4622,1,2024-01-24 15:34:28
8818,1,2024-09-12 17:02:55
8878,1,2024-04-27 21:14:49
387,5,2024-04-22 10:45:12
13261,2,2024-02-04 06:05:02
768,4,2025-01-26 15:11:52
7804,4,2024-06-22 01:35:44
11441,4,2024-03-28 01:30:11
10941,2,2025-09-12 02:31:09
5077,2,2024-03-12 21:54:18
280,2,2025-06-27 23:19:08
4253,3,2025-07-06 05:51:00
13440,1,2025-06-02 19:04:46
7741,5,2024-09-16 21:05:36
2242,3,2025-01-10 13:47:39
5399,1,2024-09-22 15:02:00
6097,4,2024-08-09 17:57:15
5593,5,2025-06-15 20:37:52
748,3,2024-04-27 10:56:32
3721,2,2024-09-30 03:10:47
12891,5,2025-10-09 17:30:37
6928,2,2025-02-17 18:32:31
5868,4,2024-06-13 22:26:04
3336,5,2024-07-15 09:51:08
5926,5,2025-06-30 18:53:40
10506,4,2024-08-18 09:48:23
1003,5,2025-03-13 20:55:46
3740,3,2024-01-31 08:59:21
13457,5,2025-04-09 05:58:10
7521,2,2025-09-27 12:49:18
9219,5,2025-04-26 19:26:15
8653,5,2025-03-16 02:00:00
9094,2,2025-06-23 23:50:50
6826,4,2025-03-18 11:35:58
10694,1,2024-07-14 03:29:48
7836,1,2024-12-04 11:22:38
3412,3,2024-12-30 08:33:05
11332,4,2024-12-27 22:24:56
14633,4,2024-09-09 22:22:52
9952,4,2024-05-03 03:53:35
8471,2,2025-09-07 13:42:54
11132,5,2024-09-19 02:12:40
12738,5,2024-11-28 16:05:57
11261,2,2025-06-20 04:02:22
3278,2,2024-11-04 15:43:20
9768,2,2024-06-19 16:26:58
5150,5,2025-08-13 00:04:34
7377,5,2025-10-28 10:36:25
11644,4,2024-10-24 10:12:19
13936,4,2024-03-11 05:49:53
13618,2,2025-10-27 22:40:50
7813,4,2025-09-18 16:00:45
11939,4,2024-03-27 06:56:24
10543,4,2024-09-16 01:17:36
13696,5,2024-06-21 08:03:03
9941,4,2023-11-12 21:57:10
2694,4,2024-12-28 01:20:53
14468,3,2025-08-15 21:34:07
13716,4,2024-07-26 18:58:24
531,5,2025-06-24 21:52:37
129,4,2024-11-04 17:43:37
14721,4,2025-04-03 00:01:09
14590,5,2024-03-23 03:05:51
8118,2,2025-04-24 02:20:24
415,2,2025-10-15 00:40:52
3540,2,2024-01-25 16:36:53
7302,2,2024-09-03 01:57:55
177,1,2025-02-02 22:39:55
3027,4,2025-03-31 14:29:06
4582,4,2024-09-30 01:41:12
2620,3,2024-09-30 04:50:59
9097,4,2024-09-24 00:10:14
12391,1,2024-04-05 00:37:26
14434,5,2025-03-18 15:24:36
11451,4,2023-12-02 21:06:11
2085,5,2025-03-05 00:25:26
8863,1,2024-05-02 10:59:34
3641,5,2024-02-25 22:54:35
13388,5,2025-02-25 21:29:04
6878,5,2025-03-05 19:53:29
7433,2,2024-12-05 07:04:24
3366,4,2024-01-11 20:28:36
9608,4,2025-02-18 00:30:01
14077,2,2025-01-26 12:12:34
12259,5,2025-05-31 23:58:03
2780,4,2024-09-22 19:51:46
13802,1,2023-11-28 01:23:21
3051,3,2024-07-19 18:33:26
10154,4,2025-02-25 23:28:07
3690,5,2024-05-22 10:58:23
4052,4,2024-03-18 14:45:28
5858,5,2025-01-25 12:22:31
13196,4,2025-03-10 03:48:50
14496,3,2024-11-10 20:50:44
13046,2,2025-04-24 21:11:30
9518,4,2024-01-19 23:28:37
11390,2,2024-08-23 22:33:21
3158,1,2023-11-27 23:15:43
2675,2,2025-06-09 09:37:05
437,4,2025-02-19 09:34:40
2070,2,2025-09-26 13:36:21
2650,2,2025-07-15 20:10:03
12311,4,2025-04-01 09:20:47
10073,4,2024-09-07 17:33:06
3977,1,2025-01-12 02:50:05
7883,5,2024-12-11 11:43:24
2623,5,2025-09-10 23:23:44
9754,4,2024-04-08 06:06:32
9280,5,2025-08-31 18:38:54
13056,4,2025-10-19 15:08:51
7313,4,2024-03-14 16:04:02
6102,4,2024-10-30 21:10:13
14008,2,2024-08-22 23:35:50
10941,2,2025-05-24 22:33:25
6277,4,2025-09-19 16:24:04
6976,4,2024-05-14 04:54:02
9357,4,2024-03-25 09:54:33
14785,5,2024-11-11 01:36:20
3131,4,2025-11-07 05:18:43
11323,5,2025-05-16 23:09:19
5207,4,2025-10-25 23:36:49
9534,2,2024-04-13 12:00:27
13785,5,2024-07-17 23:45:17
7553,3,2024-02-21 08:30:57
2079,5,2024-06-24 21:19:06
2513,1,2023-12-30 15:56:17
13413,5,2025-10-05 01:24:55
8843,2,2023-12-04 07:33:59
4957,3,2024-04-19 02:38:05
7069,4,2025-01-31 23:01:33
14429,5,2024-11-02 12:45:01
1561,4,2024-10-31 23:42:58
5576,5,2024-05-18 15:44:46
4505,5,2025-04-24 08:17:33
8249,4,2025-02-20 21:06:57
8691,4,2024-10-19 22:02:04
11461,4,2024-05-16 04:46:39
12920,5,2025-07-21 04:18:09
7902,4,2024-03-26 16:58:57
5000,2,2024-11-02 16:58:30
1314,2,2024-12-02 20:25:19
2606,4,2025-03-22 11:54:56
8738,5,2024-02-04 15:51:42
12402,2,2025-07-26 13:33:02
9052,5,2025-02-21 11:14:32
10587,4,2025-08-22 02:52:12
4482,4,2024-07-24 14:51:33
188,4,2025-09-17 16:35:27
6841,5,2025-10-25 00:41:14
2202,5,2025-10-16 06:27:55
13567,2,2024-03-13 00:41:02
3182,5,2024-05-18 12:19:31
645,4,2024-11-03 08:00:00
12081,2,2025-05-24 03:39:27
6075,4,2024-01-03 13:41:38
2204,4,2023-11-15 16:03:14
9698,4,2025-06-13 18:48:54
349,2,2023-12-05 10:16:33
10799,5,2025-04-23 01:34:51
1817,2,2025-04-19 01:33:19
7767,2,2024-09-20 22:35:28
3579,3,2025-09-13 18:57:36
242,3,2024-12-18 00:54:30
3275,5,2024-11-09 13:04:29
10798,4,2025-09-09 23:44:03
14211,1,2024-09-04 14:32:34
10534,2,2024-01-03 23:26:59
11675,5,2025-07-10 12:42:51
3278,3,2024-09-29 06:51:12
14745,1,2024-05-30 07:02:10
2928,5,2025-09-26 10:42:30
5932,4,2025-05-19 10:30:37
14069,4,2024-12-31 16:30:37
2951,3,2024-02-12 07:00:25
13253,5,2025-05-19 07:07:22
8383,2,2025-07-05 12:32:53
10154,2,2025-02-23 18:36:34
11426,5,2025-03-26 22:21:33
3592,5,2024-12-29 05:24:19
12593,5,2025-05-18 11:54:37
7019,4,2023-11-28 17:54:53
9382,4,2024-10-15 22:21:57
5881,2,2024-11-17 18:38:32
6202,2,2025-08-14 06:11:22
9304,5,2025-05-27 05:57:09
3242,4,2023-12-26 18:14:11
1036,4,2024-06-24 20:58:01
3722,4,2025-08-01 18:13:24
7893,2,2024-09-14 18:23:35
6404,3,2025-08-14 16:30:54
9887,4,2025-08-10 00:48:59
8744,5,2025-05-26 13:31:31
4993,5,2025-06-29 10:29:35
4811,5,2023-12-11 07:39:00
3478,5,2024-08-18 13:30:30
8884,3,2024-09-15 13:38:38
4201,1,2025-05-19 22:35:27
14367,5,2025-10-30 15:32:25
13257,2,2024-12-11 15:54:13
4865,2,2025-03-13 02:08:56
12232,2,2025-03-28 21:43:01
7419,4,2024-10-17 02:47:17
13814,5,2024-10-08 05:12:32
672,4,2025-07-13 22:22:41
335,5,2024-02-14 16:19:37
12336,2,2024-01-29 19:24:45
3734,3,2024-03-02 17:04:25
9702,2,2025-08-29 06:16:34
7915,2,2024-06-01 05:04:39
13393,4,2025-06-21 00:46:23
2223,5,2025-08-12 07:06:56
14547,2,2025-02-02 16:13:06
10065,5,2025-06-17 15:26:56
10602,2,2025-07-17 04:34:44
12451,4,2024-02-05 03:32:22
7713,3,2025-05-24 02:41:14
4992,4,2024-03-20 13:15:38
11364,3,2024-08-20 23:07:59
395,4,2024-09-26 00:37:26
13897,5,2025-04-03 06:28:35
2262,5,2024-07-31 06:42:58
4299,3,2024-02-28 13:52:52
12532,5,2025-10-19 10:49:10
6671,4,2024-05-17 02:52:05
6590,4,2025-07-20 05:55:27
7776,4,2024-11-19 03:53:17
13752,4,2024-04-21 12:00:27
2618,4,2024-06-02 18:31:14
11509,4,2024-01-24 18:17:38
1482,5,2024-07-23 15:51:51
10007,5,2025-03-23 00:09:00
495,4,2025-05-02 03:32:39
11053,3,2024-01-06 20:29:46
10482,2,2024-10-31 05:59:24
5879,3,2025-10-08 17:57:18
439,1,2025-05-14 02:00:09
10108,5,2024-11-26 03:23:52
33,4,2025-06-16 19:24:09
3802,4,2024-05-18 09:48:30
10792,4,2025-06-20 06:52:49
12826,1,2024-05-30 06:28:57
11874,3,2024-08-02 07:20:17
14091,2,2024-06-26 16:22:58
4442,2,2025-04-28 15:14:57
14468,2,2024-10-20 17:01:40
6220,4,2024-07-24 03:42:41
10784,4,2025-07-13 21:27:14
25,4,2024-10-25 03:21:35
7799,4,2025-05-06 16:30:52
10336,4,2024-05-28 15:44:59
510,2,2025-01-24 16:20:12
10496,2,2024-06-11 03:41:04
6589,5,2025-02-14 00:40:59
2849,3,2023-12-08 02:04:05
5346,4,2025-06-23 15:49:27
7499,5,2024-02-27 01:55:12
3013,4,2024-03-04 07:06:23
1456,4,2024-12-19 14:24:38
9705,4,2024-06-21 08:28:21
14067,5,2023-11-30 11:18:19
2170,4,2024-04-29 23:52:47
3934,2,2025-09-23 23:18:31
12410,1,2024-08-24 08:54:20
14768,2,2025-01-21 00:52:34
5343,1,2024-08-18 01:24:34
4147,5,2025-05-17 17:59:40
1331,5,2024-06-23 12:26:32
10777,5,2024-07-05 12:20:50
6682,2,2025-05-19 07:54:09
3651,4,2024-03-12 06:42:40
9033,2,2025-01-24 05:18:53
13483,1,2025-03-16 16:23:28
9995,4,2024-07-04 00:31:49
12358,5,2024-11-13 11:41:28
13836,3,2025-05-17 04:29:33
5767,5,2024-10-16 23:22:05
8213,4,2025-04-16 06:33:52
12940,4,2024-06-26 08:41:39
14315,5,2024-03-09 06:44:02
8959,5,2025-06-09 23:55:50
4076,4,2025-07-27 17:43:49
6736,4,2025-05-03 05:01:01
7011,5,2024-02-18 04:08:34
12706,3,2024-03-03 03:11:05
9590,5,2025-02-24 03:25:03
13380,4,2024-06-24 09:13:10
12264,4,2025-09-07 15:24:44
8593,5,2024-09-03 18:14:38
10157,5,2024-05-28 04:16:00
1191,2,2025-03-18 21:50:59
3099,1,2024-05-05 08:26:23
14989,4,2023-12-02 01:47:06
3529,5,2025-09-01 06:01:20
9110,3,2024-04-22 17:24:22
10010,4,2025-02-05 07:56:30
1990,4,2024-07-02 15:15:34
8574,1,2024-03-04 13:25:59
5364,4,2025-02-06 02:39:55
1387,5,2023-11-19 16:40:46
481,5,2024-05-29 19:42:03
814,4,2024-08-19 04:12:27
6536,4,2025-05-23 10:45:06
12144,2,2024-12-09 08:34:24
11979,1,2025-06-11 08:04:11
1937,5,2025-09-16 06:03:01
2496,2,2024-12-15 17:55:29
544,3,2024-09-20 13:13:55
5362,2,2024-11-14 19:11:08
12162,2,2025-03-04 16:40:10
14887,4,2025-10-09 09:01:49
8497,4,2024-03-21 16:24:52
9343,2,2024-08-03 16:20:42
13114,5,2025-03-24 10:00:07
14998,1,2024-03-10 09:29:41
14047,4,2025-02-08 08:44:14
1396,4,2025-09-02 13:33:03
46,5,2024-12-03 12:49:58
8622,5,2024-07-11 10:38:46
12415,4,2024-12-20 19:27:22
13920,1,2024-08-27 02:21:50
8041,4,2024-08-29 21:46:26
3696,1,2025-09-12 12:07:36
10822,2,2025-10-29 15:09:54
850,4,2024-11-21 05:22:36
2779,4,2025-03-27 22:21:13
6866,4,2024-03-20 16:22:52
2403,4,2025-09-16 16:17:51
9792,2,2024-12-22 06:51:52
7935,4,2024-11-18 17:50:57
4887,3,2024-03-25 13:11:49
13872,4,2024-11-20 06:07:27
8084,5,2025-10-07 03:31:20
12689,4,2024-08-31 09:04:26
13713,4,2023-11-21 09:03:16
1169,2,2025-04-12 18:02:47
9132,1,2023-12-30 14:48:56
11389,4,2024-08-02 05:55:23
9718,5,2024-05-02 22:47:05
3156,1,2024-07-07 13:39:50
13022,5,2024-04-18 15:51:36
8923,4,2024-05-02 13:10:51
5259,2,2024-03-05 21:35:33
11769,2,2024-06-13 11:55:03
9868,2,2025-02-25 01:38:04
8060,1,2025-07-06 14:58:42
186,4,2025-05-29 08:50:40
5226,2,2025-07-15 08:52:41
12471,4,2024-02-11 05:05:07
1335,1,2025-03-29 04:33:20
6269,4,2024-04-11 07:00:30
8418,5,2024-08-13 05:24:31
4567,4,2024-12-01 17:51:49
10815,4,2024-11-01 02:07:01
6419,5,2025-01-25 14:16:26
14767,5,2025-10-19 05:44:51
9836,4,2025-03-20 08:47:18
11811,4,2025-10-14 06:26:02
9911,2,2023-11-19 19:10:43
8244,2,2025-08-23 18:02:54
698,4,2025-06-11 22:58:14
698,4,2025-08-28 05:35:11
1925,2,2025-08-07 09:04:35
13748,4,2025-07-10 13:32:51
14183,4,2025-07-14 03:15:36
14028,2,2024-12-21 10:00:48
1577,5,2025-10-07 22:11:00
771,4,2024-05-05 16:53:22
10783,5,2025-06-08 04:01:29
4838,1,2024-04-15 15:10:20
297,5,2024-08-18 16:59:43
115,5,2025-04-09 06:08:49
4564,4,2023-12-05 19:55:53
11124,1,2024-09-14 20:09:16
7272,3,2025-03-10 20:43:11
13482,4,2024-01-26 02:15:04
9447,5,2024-07-23 06:20:45
2168,1,2024-12-08 10:40:08
11520,2,2024-01-01 12:23:46
3803,2,2024-06-08 04:22:25
12122,2,2025-01-13 01:42:35
7966,1,2024-12-29 16:16:27
14858,4,2025-08-28 21:36:44
13314,4,2025-06-08 01:47:17
6485,5,2024-12-31 23:44:11
2118,2,2025-09-18 02:28:25
10376,4,2024-01-11 00:44:40
14084,4,2025-07-22 02:00:20
962,1,2023-12-23 19:11:08
5978,5,2024-10-22 05:34:46
2590,3,2025-01-23 11:50:01
7660,2,2024-12-20 12:12:42
9413,3,2024-05-20 22:16:18
812,3,2024-05-18 09:08:01
2180,2,2024-05-27 05:16:08
4838,3,2025-07-21 13:55:37
9676,2,2025-06-06 15:49:18
12242,3,2024-03-31 05:13:42
4675,1,2025-04-29 00:39:41
9134,4,2025-11-06 14:15:36
8979,4,2025-03-29 19:39:55
8674,5,2025-09-06 09:07:11
6655,5,2024-05-18 16:29:36
2021,4,2024-05-05 16:18:16
11460,4,2025-04-28 23:30:48
1681,2,2025-05-20 12:40:41
6932,5,2024-10-29 13:25:37
14151,3,2024-03-27 03:17:14
2148,5,2023-12-11 13:43:59
5983,4,2025-02-25 10:53:22
72,4,2024-06-03 17:55:38
8144,2,2025-01-12 01:18:42
5683,2,2024-06-12 20:16:39
2113,4,2024-01-20 06:47:54
4019,3,2025-06-09 12:19:21
4348,5,2024-04-05 21:51:37
12212,5,2025-06-01 22:08:12
7661,4,2025-08-16 12:58:04
2018,2,2025-10-22 22:33:40
8597,3,2023-12-29 18:36:52
12184,2,2025-10-14 03:25:53
3520,4,2025-10-11 19:22:12
3852,5,2024-02-21 06:37:51
10277,3,2024-12-20 04:55:16
114,4,2024-07-02 11:36:40
3980,2,2023-12-27 14:20:51
13129,3,2024-04-19 16:08:44
14018,4,2024-05-05 02:15:17
3042,5,2024-05-17 19:07:19
8010,4,2025-02-07 05:33:27
11575,2,2025-06-23 22:29:35
2184,5,2025-02-03 19:24:21
655,4,2024-11-15 00:55:36
3934,3,2024-11-04 22:23:02
10115,1,2024-01-25 15:37:46
2709,4,2024-12-31 08:54:29
11812,4,2025-09-25 02:42:49
766,4,2025-07-09 06:19:34
9425,4,2023-12-19 23:59:31
6936,2,2024-07-14 23:41:23
4570,5,2025-07-15 22:42:27
10811,4,2025-03-16 16:35:54
149,3,2024-01-06 01:34:30
14124,5,2024-04-10 21:22:57
14692,5,2024-11-15 19:52:48
9313,2,2024-02-08 17:42:43
9030,1,2024-10-18 13:19:00
11742,1,2024-01-14 02:10:16
11034,4,2024-11-14 01:41:25
8074,4,2024-04-11 15:28:20
1236,4,2024-01-26 21:33:41
6584,2,2025-01-04 14:13:39
13151,5,2025-02-10 02:30:08
3901,5,2024-04-25 07:31:02
5132,5,2025-02-17 00:44:38
10325,4,2024-11-22 18:22:39
7749,4,2024-06-30 07:25:02
2168,1,2025-01-25 12:48:23
10617,2,2023-11-17 18:44:34
2737,4,2025-02-04 03:39:58
9326,1,2024-10-09 02:57:56
13808,5,2025-09-09 04:32:09
13187,4,2025-10-13 05:57:16
14468,2,2024-02-04 22:41:45
1163,5,2025-05-22 13:10:00
9749,4,2025-09-28 21:37:24
8565,2,2024-10-19 03:10:52
13741,4,2025-07-06 03:26:56
4222,4,2025-03-23 11:10:54
564,3,2024-04-09 15:03:06
233,1,2025-02-09 18:19:52
13493,5,2025-07-28 04:18:14
2090,5,2025-03-17 11:44:25
1662,4,2025-03-01 13:14:00
14206,2,2025-06-19 04:04:58
5562,4,2024-10-29 16:56:19
1200,5,2023-11-10 16:58:10
14348,5,2024-05-23 20:39:30
4919,4,2025-06-18 09:45:44
6516,4,2024-09-21 13:55:03
8056,4,2025-02-19 09:47:36
3360,5,2024-06-07 14:45:31
5404,2,2024-11-26 22:33:54
8556,4,2025-03-14 12:49:19
3276,4,2024-03-26 10:31:56
6064,5,2024-07-22 14:01:19
402,4,2024-12-08 08:21:58
11251,5,2024-11-19 16:43:31
14477,2,2024-12-13 17:07:36
14059,1,2024-06-17 17:19:45
13173,4,2025-03-25 12:37:26
14419,5,2024-06-30 01:22:59
2170,5,2024-06-02 12:46:58
14760,5,2025-09-13 22:39:21
5416,5,2024-12-27 16:28:51
5371,3,2024-05-21 17:50:46
1637,2,2024-08-01 07:05:34
7061,4,2024-06-11 03:29:11
8582,5,2025-04-19 19:38:26
14023,4,2025-01-19 06:27:53
1169,5,2024-12-05 01:30:01
1746,5,2024-07-07 04:15:49
1126,4,2025-03-10 11:45:58
4852,4,2024-10-17 02:45:02
6661,1,2024-02-04 21:41:31
12707,5,2025-06-20 00:00:49
11964,4,2024-03-30 19:49:34
3179,5,2024-11-23 00:53:52
2522,2,2023-11-15 09:13:50
2841,5,2024-07-15 06:11:58
795,4,2025-10-04 05:18:40
499,1,2024-12-10 02:24:05
4410,4,2024-11-09 18:36:48
10453,5,2024-11-29 09:53:47
7943,2,2024-03-16 00:43:10
13775,5,2024-03-28 04:43:23
3437,5,2023-12-31 05:51:24
216,5,2025-06-22 23:19:40
5799,4,2024-10-10 21:04:53
4902,2,2025-04-16 00:55:30
10490,4,2024-07-03 22:39:33
11090,4,2024-01-22 18:36:52
10779,1,2025-10-29 00:29:41
10109,4,2025-09-09 21:08:29
1475,4,2024-10-19 13:33:19
8530,5,2024-08-02 07:07:46
13835,4,2025-03-19 18:44:24
9233,3,2025-04-26 21:34:56
4681,3,2025-01-01 15:47:12
5986,2,2025-08-10 05:19:34
8413,2,2024-03-31 04:41:17
8564,2,2024-04-08 16:37:17
8553,4,2025-07-07 05:28:15
12890,4,2024-02-02 18:16:21
13206,2,2025-06-24 20:20:37
4010,2,2024-05-08 08:51:25
511,4,2024-04-23 22:22:56
6173,2,2024-07-05 22:22:08
6882,1,2024-12-04 01:35:26
13916,1,2024-07-04 12:30:24
6601,4,2024-07-15 21:16:03
10523,2,2025-06-27 14:51:13
13304,3,2024-12-26 07:06:12
8203,5,2024-11-10 20:08:21
13463,5,2024-01-29 06:15:13
8991,3,2025-04-25 04:20:10
3860,4,2024-06-30 09:17:23
10712,4,2025-10-30 18:33:10
14482,4,2025-02-25 18:08:26
11607,2,2024-04-21 15:51:55
14302,4,2025-01-26 20:06:29
7341,5,2025-04-15 04:37:32
7318,3,2024-03-09 09:38:55
10275,3,2024-07-18 19:09:53
5143,4,2024-03-10 19:01:05
8861,3,2024-04-07 09:05:26
7583,4,2025-06-27 14:25:20
5250,5,2024-09-13 02:11:18
8355,2,2025-07-12 16:19:15
6636,2,2024-03-22 17:54:01
8385,4,2025-09-02 08:49:52
277,2,2024-03-12 00:00:49
3897,2,2025-02-26 05:15:39
1877,1,2025-04-07 23:19:35
13922,4,2024-03-11 08:54:17
9291,4,2024-07-20 06:52:42
6341,1,2024-12-15 11:22:09
10631,2,2024-11-12 07:32:58
11719,2,2025-03-31 21:41:16
772,4,2025-02-14 15:37:28
12769,4,2025-07-14 23:04:47
9065,2,2024-09-29 03:29:23
14833,3,2025-07-07 23:25:29
4978,2,2025-05-27 14:05:24
11696,5,2024-06-06 13:24:22
7541,4,2024-05-05 23:27:23
14173,5,2025-11-03 21:12:13
11314,5,2024-06-01 11:43:11
12120,4,2024-11-10 22:06:56
5291,4,2025-11-05 00:54:46
13831,4,2025-09-05 09:09:51
5857,5,2025-08-19 10:48:38
9888,2,2024-07-03 03:35:30
4487,3,2024-08-24 07:47:14
5099,4,2024-03-01 22:29:04
1251,5,2024-07-05 04:19:30
10673,1,2024-07-26 12:46:18
10620,2,2025-05-27 18:35:21
8778,2,2024-08-11 05:32:22
12289,4,2025-08-15 09:43:52
9549,4,2025-06-11 03:32:03
8811,4,2024-07-12 06:13:38
4958,2,2024-10-24 14:54:07
6986,3,2024-07-06 13:35:26
9413,1,2024-10-05 15:52:02
11889,1,2025-01-20 20:09:33
7078,5,2024-09-10 23:53:53
3583,4,2025-06-24 17:24:34
14232,5,2024-09-29 07:29:16
7423,4,2023-11-14 17:28:59
10967,4,2025-06-24 08:36:05
8341,4,2025-11-09 10:22:23
619,5,2024-09-19 04:21:27
6035,2,2023-12-23 06:44:41
2682,1,2024-09-22 20:05:46
4917,5,2024-08-10 23:32:39
9012,5,2025-03-25 22:11:18
4055,2,2025-07-27 20:56:19
14916,5,2024-02-27 00:13:45
11617,4,2024-10-30 04:46:52
12174,4,2025-06-28 02:33:43
10655,5,2024-06-10 07:20:04
12137,1,2023-11-25 10:51:58
1043,4,2025-08-07 02:18:07
14706,4,2025-05-10 09:34:07
9250,3,2024-04-15 09:15:54
3735,3,2024-04-20 08:29:38
7857,5,2025-04-07 13:19:56
3333,3,2025-05-19 23:29:13
12058,1,2024-05-27 02:36:29
6637,4,2024-06-26 07:09:07
12627,2,2025-08-17 23:37:44
5700,1,2024-08-26 09:49:18
11895,4,2023-11-28 17:08:53
1910,3,2024-07-17 07:22:48
7413,5,2024-10-07 08:53:11
6781,4,2025-07-16 15:33:23
5136,3,2024-09-02 08:18:37
13293,1,2024-07-20 06:57:02
2190,3,2025-01-16 18:53:03
9641,2,2025-01-18 06:22:45
7172,1,2025-06-06 08:00:51
8000,4,2024-04-13 05:47:49
7772,1,2025-07-21 17:44:38
2454,3,2024-04-25 07:15:16
4495,4,2025-03-03 23:48:53
4020,2,2024-12-04 23:17:04
4982,2,2024-10-17 03:51:25
2296,1,2025-09-05 12:15:25
9005,4,2024-06-10 02:46:50
3575,5,2024-02-01 07:16:50
6249,2,2024-01-07 03:09:28
9547,2,2024-05-17 04:09:25
11229,4,2024-03-13 22:08:49
9960,5,2024-07-20 03:10:59
2932,3,2025-05-24 18:37:28
11938,3,2024-11-16 21:40:23
11196,5,2025-05-23 13:04:29
2305,4,2025-02-12 20:56:50
14,4,2024-11-09 06:47:02
4141,2,2023-12-16 01:14:27
12107,4,2025-07-09 02:53:02
4791,2,2025-04-05 12:11:11
1521,5,2024-09-08 07:02:28
8472,4,2025-04-27 13:16:44
2196,2,2025-10-16 06:37:40
9555,5,2025-05-12 01:38:34
10660,4,2024-11-22 14:50:54
11443,4,2024-05-22 09:12:32
980,5,2024-06-14 21:58:35
1406,4,2025-02-23 13:32:15
1509,1,2025-02-07 13:42:12
7887,4,2024-08-27 14:35:59
13111,4,2023-12-26 09:29:07
7473,5,2024-01-28 02:43:00
8594,4,2023-12-23 21:47:27
12468,5,2025-03-21 03:16:56
8978,2,2024-08-02 11:58:49
13468,2,2024-06-11 17:36:51
1182,4,2025-01-01 02:50:33
12175,4,2024-08-23 06:45:54
3026,5,2024-10-15 14:58:11
10601,4,2025-10-27 17:00:18
11064,4,2024-06-18 02:16:13
12139,4,2024-02-04 13:30:13
6615,4,2024-11-10 19:29:27
1236,4,2024-02-22 14:59:18
1564,2,2025-09-24 11:58:08
3372,1,2025-06-14 17:30:48
2224,1,2024-01-06 18:59:24
5235,4,2024-07-19 09:42:23
10893,5,2025-07-04 11:18:53
10732,4,2025-06-01 05:34:44
1866,4,2024-09-26 17:06:32
3426,4,2025-08-11 14:00:17
10515,5,2024-03-07 04:59:08
13052,5,2025-09-19 03:21:36
13639,2,2024-03-06 03:45:49
2069,5,2025-02-10 10:33:49
12657,2,2024-06-29 10:48:44
12994,5,2025-01-29 05:31:04
3168,4,2024-04-13 15:54:13
13275,2,2025-01-19 17:07:44
12294,5,2024-01-17 16:16:29
14827,2,2024-10-15 17:31:14
9386,3,2024-05-18 19:05:46
10189,5,2024-07-21 23:09:34
13679,4,2025-01-28 04:15:35
6286,2,2025-01-07 20:49:31
9220,2,2025-06-24 19:07:22
2584,4,2025-04-06 11:54:31
6825,5,2024-05-30 19:53:47
12825,1,2025-01-15 16:54:11
13910,2,2024-12-26 18:48:33
14388,5,2025-08-06 03:30:08
11792,5,2024-06-23 16:11:26
9195,4,2025-04-28 22:15:31
2086,4,2023-11-27 07:05:13
