id_vehiculo,promedio_calificacion,n_calificaciones,n_vehiculos,n_resenas,longitud_media_resena
10655,5.0,2,1,2,37.5
12212,5.0,2,1,2,37.5
12358,5.0,2,1,2,43.0
13114,5.0,2,1,2,37.0
13759,5.0,2,1,2,38.0
1858,5.0,2,1,2,37.0
4545,5.0,2,1,2,43.0
46,5.0,2,1,2,42.0
4661,5.0,2,1,2,43.0
5948,5.0,2,1,2,38.0
7857,5.0,2,1,2,41.0
8959,5.0,2,1,2,36.0
10007,5.0,1,1,1,42.0
10065,5.0,1,1,1,44.0
10108,5.0,1,1,1,44.0
10157,5.0,1,1,1,42.0
10181,5.0,1,1,1,44.0
10189,5.0,1,1,1,38.0
1026,5.0,1,1,1,38.0
10301,5.0,1,1,1,38.0
10357,5.0,1,1,1,37.0
10365,5.0,1,1,1,44.0
10453,5.0,1,1,1,44.0
10481,5.0,1,1,1,44.0
10566,5.0,1,1,1,37.0
10658,5.0,1,1,1,38.0
10661,5.0,1,1,1,42.0
1067,5.0,1,1,1,44.0
10683,5.0,1,1,1,38.0
10696,5.0,1,1,1,37.0
107,5.0,1,1,1,37.0
10772,5.0,1,1,1,36.0
10777,5.0,1,1,1,38.0
10783,5.0,1,1,1,44.0
10799,5.0,1,1,1,42.0
10829,5.0,1,1,1,44.0
10840,5.0,1,1,1,37.0
10850,5.0,1,1,1,36.0
10893,5.0,1,1,1,36.0
1091,5.0,1,1,1,36.0
10916,5.0,1,1,1,38.0
11047,5.0,1,1,1,44.0
11132,5.0,1,1,1,38.0
11196,5.0,1,1,1,44.0
11201,5.0,1,1,1,37.0
11213,5.0,1,1,1,44.0
11217,5.0,1,1,1,42.0
11251,5.0,1,1,1,36.0
11265,5.0,1,1,1,38.0
11272,5.0,1,1,1,38.0
11279,5.0,1,1,1,42.0
11307,5.0,1,1,1,44.0
11314,5.0,1,1,1,42.0
11323,5.0,1,1,1,36.0
11335,5.0,1,1,1,38.0
1135,5.0,1,1,1,36.0
11351,5.0,1,1,1,37.0
11414,5.0,1,1,1,37.0
11494,5.0,1,1,1,36.0
115,5.0,1,1,1,36.0
11538,5.0,1,1,1,38.0
1158,5.0,1,1,1,42.0
11616,5.0,1,1,1,38.0
1163,5.0,1,1,1,42.0
11675,5.0,1,1,1,42.0
11696,5.0,1,1,1,42.0
11720,5.0,1,1,1,42.0
11792,5.0,1,1,1,38.0
11803,5.0,1,1,1,38.0
11821,5.0,1,1,1,44.0
11844,5.0,1,1,1,38.0
11866,5.0,1,1,1,36.0
11871,5.0,1,1,1,44.0
11931,5.0,1,1,1,44.0
11960,5.0,1,1,1,37.0
1200,5.0,1,1,1,42.0
12004,5.0,1,1,1,42.0
12048,5.0,1,1,1,44.0
1216,5.0,1,1,1,42.0
12166,5.0,1,1,1,38.0
12197,5.0,1,1,1,36.0
12201,5.0,1,1,1,38.0
12259,5.0,1,1,1,36.0
12300,5.0,1,1,1,44.0
12303,5.0,1,1,1,37.0
12312,5.0,1,1,1,37.0
12327,5.0,1,1,1,38.0
12468,5.0,1,1,1,38.0
12486,5.0,1,1,1,36.0
12508,5.0,1,1,1,36.0
1251,5.0,1,1,1,36.0
12515,5.0,1,1,1,38.0
12532,5.0,1,1,1,42.0
12533,5.0,1,1,1,38.0
12593,5.0,1,1,1,38.0
12613,5.0,1,1,1,37.0
12630,5.0,1,1,1,36.0
12652,5.0,1,1,1,44.0
12738,5.0,1,1,1,38.0
12843,5.0,1,1,1,37.0
12865,5.0,1,1,1,38.0
12869,5.0,1,1,1,38.0
12891,5.0,1,1,1,37.0
12920,5.0,1,1,1,37.0
12973,5.0,1,1,1,38.0
12995,5.0,1,1,1,42.0
12998,5.0,1,1,1,37.0
1301,5.0,1,1,1,44.0
13019,5.0,1,1,1,44.0
13022,5.0,1,1,1,38.0
13052,5.0,1,1,1,38.0
13094,5.0,1,1,1,36.0
13128,5.0,1,1,1,37.0
13130,5.0,1,1,1,38.0
13139,5.0,1,1,1,38.0
13151,5.0,1,1,1,38.0
13183,5.0,1,1,1,38.0
13197,5.0,1,1,1,42.0
13211,5.0,1,1,1,38.0
13231,5.0,1,1,1,36.0
13253,5.0,1,1,1,36.0
13286,5.0,1,1,1,37.0
13313,5.0,1,1,1,37.0
13317,5.0,1,1,1,37.0
13388,5.0,1,1,1,38.0
13413,5.0,1,1,1,37.0
13457,5.0,1,1,1,36.0
13463,5.0,1,1,1,36.0
13493,5.0,1,1,1,42.0
13566,5.0,1,1,1,38.0
13590,5.0,1,1,1,36.0
13619,5.0,1,1,1,44.0
13664,5.0,1,1,1,38.0
13669,5.0,1,1,1,36.0
13672,5.0,1,1,1,37.0
13696,5.0,1,1,1,36.0
13731,5.0,1,1,1,38.0
13775,5.0,1,1,1,38.0
13785,5.0,1,1,1,42.0
13789,5.0,1,1,1,36.0
13808,5.0,1,1,1,37.0
13814,5.0,1,1,1,44.0
13822,5.0,1,1,1,37.0
13833,5.0,1,1,1,38.0
1384,5.0,1,1,1,38.0
13876,5.0,1,1,1,36.0
13897,5.0,1,1,1,37.0
13923,5.0,1,1,1,38.0
14024,5.0,1,1,1,38.0
14056,5.0,1,1,1,38.0
14058,5.0,1,1,1,36.0
14066,5.0,1,1,1,36.0
14067,5.0,1,1,1,42.0
14075,5.0,1,1,1,37.0
14095,5.0,1,1,1,37.0
14124,5.0,1,1,1,36.0
14133,5.0,1,1,1,38.0
14149,5.0,1,1,1,37.0
14173,5.0,1,1,1,38.0
14186,5.0,1,1,1,42.0
14237,5.0,1,1,1,37.0
1426,5.0,1,1,1,37.0
14293,5.0,1,1,1,37.0
1430,5.0,1,1,1,37.0
14311,5.0,1,1,1,42.0
14315,5.0,1,1,1,37.0
14339,5.0,1,1,1,38.0
14348,5.0,1,1,1,38.0
14367,5.0,1,1,1,38.0
14385,5.0,1,1,1,37.0
14388,5.0,1,1,1,36.0
14390,5.0,1,1,1,38.0
14402,5.0,1,1,1,38.0
14419,5.0,1,1,1,38.0
14429,5.0,1,1,1,38.0
14434,5.0,1,1,1,37.0
14444,5.0,1,1,1,38.0
14488,5.0,1,1,1,44.0
14537,5.0,1,1,1,36.0
14539,5.0,1,1,1,36.0
14554,5.0,1,1,1,37.0
14565,5.0,1,1,1,38.0
14571,5.0,1,1,1,42.0
14590,5.0,1,1,1,37.0
14593,5.0,1,1,1,38.0
14598,5.0,1,1,1,44.0
14623,5.0,1,1,1,42.0
14636,5.0,1,1,1,44.0
14644,5.0,1,1,1,38.0
14645,5.0,1,1,1,42.0
14692,5.0,1,1,1,42.0
14744,5.0,1,1,1,42.0
14754,5.0,1,1,1,42.0
14759,5.0,1,1,1,44.0
1476,5.0,1,1,1,44.0
14760,5.0,1,1,1,42.0
14761,5.0,1,1,1,42.0
14767,5.0,1,1,1,37.0
14785,5.0,1,1,1,38.0
14813,5.0,1,1,1,37.0
1482,5.0,1,1,1,38.0
14825,5.0,1,1,1,38.0
14866,5.0,1,1,1,38.0
14913,5.0,1,1,1,44.0
14916,5.0,1,1,1,36.0
14974,5.0,1,1,1,38.0
14992,5.0,1,1,1,38.0
1521,5.0,1,1,1,37.0
153,5.0,1,1,1,38.0
1577,5.0,1,1,1,36.0
1587,5.0,1,1,1,38.0
1620,5.0,1,1,1,37.0
1660,5.0,1,1,1,37.0
1746,5.0,1,1,1,36.0
1760,5.0,1,1,1,37.0
1776,5.0,1,1,1,38.0
1826,5.0,1,1,1,44.0
1852,5.0,1,1,1,42.0
1878,5.0,1,1,1,38.0
1937,5.0,1,1,1,44.0
1938,5.0,1,1,1,42.0
2001,5.0,1,1,1,44.0
2069,5.0,1,1,1,38.0
2079,5.0,1,1,1,37.0
2085,5.0,1,1,1,38.0
2090,5.0,1,1,1,38.0
2098,5.0,1,1,1,38.0
2144,5.0,1,1,1,36.0
2148,5.0,1,1,1,38.0
2161,5.0,1,1,1,44.0
2184,5.0,1,1,1,42.0
2202,5.0,1,1,1,38.0
2227,5.0,1,1,1,42.0
2231,5.0,1,1,1,38.0
2262,5.0,1,1,1,38.0
2351,5.0,1,1,1,37.0
2361,5.0,1,1,1,38.0
2415,5.0,1,1,1,37.0
2517,5.0,1,1,1,38.0
2595,5.0,1,1,1,38.0
2623,5.0,1,1,1,38.0
2652,5.0,1,1,1,36.0
2823,5.0,1,1,1,36.0
2829,5.0,1,1,1,42.0
2841,5.0,1,1,1,37.0
2860,5.0,1,1,1,38.0
2901,5.0,1,1,1,38.0
2928,5.0,1,1,1,37.0
2936,5.0,1,1,1,36.0
297,5.0,1,1,1,44.0
2978,5.0,1,1,1,38.0
3004,5.0,1,1,1,38.0
3010,5.0,1,1,1,38.0
3026,5.0,1,1,1,38.0
3042,5.0,1,1,1,44.0
3058,5.0,1,1,1,38.0
3088,5.0,1,1,1,38.0
3103,5.0,1,1,1,38.0
3126,5.0,1,1,1,36.0
3153,5.0,1,1,1,44.0
3179,5.0,1,1,1,44.0
3182,5.0,1,1,1,42.0
3195,5.0,1,1,1,38.0
3199,5.0,1,1,1,38.0
3208,5.0,1,1,1,36.0
3220,5.0,1,1,1,44.0
3238,5.0,1,1,1,37.0
327,5.0,1,1,1,42.0
3275,5.0,1,1,1,38.0
3305,5.0,1,1,1,36.0
3331,5.0,1,1,1,36.0
3336,5.0,1,1,1,44.0
335,5.0,1,1,1,38.0
3360,5.0,1,1,1,37.0
338,5.0,1,1,1,44.0
3381,5.0,1,1,1,37.0
3394,5.0,1,1,1,36.0
3396,5.0,1,1,1,37.0
3407,5.0,1,1,1,44.0
3444,5.0,1,1,1,38.0
3478,5.0,1,1,1,42.0
3480,5.0,1,1,1,44.0
3488,5.0,1,1,1,36.0
3512,5.0,1,1,1,44.0
3529,5.0,1,1,1,44.0
3575,5.0,1,1,1,44.0
3578,5.0,1,1,1,44.0
3586,5.0,1,1,1,42.0
3590,5.0,1,1,1,38.0
3592,5.0,1,1,1,36.0
3641,5.0,1,1,1,38.0
3642,5.0,1,1,1,44.0
3676,5.0,1,1,1,37.0
3679,5.0,1,1,1,36.0
3690,5.0,1,1,1,38.0
3695,5.0,1,1,1,42.0
373,5.0,1,1,1,44.0
3736,5.0,1,1,1,37.0
3764,5.0,1,1,1,38.0
3766,5.0,1,1,1,42.0
3805,5.0,1,1,1,38.0
3811,5.0,1,1,1,38.0
3812,5.0,1,1,1,37.0
3835,5.0,1,1,1,36.0
3852,5.0,1,1,1,36.0
387,5.0,1,1,1,38.0
3901,5.0,1,1,1,38.0
4003,5.0,1,1,1,44.0
4005,5.0,1,1,1,36.0
4083,5.0,1,1,1,38.0
4129,5.0,1,1,1,36.0
4147,5.0,1,1,1,44.0
4153,5.0,1,1,1,38.0
4177,5.0,1,1,1,36.0
4296,5.0,1,1,1,38.0
4320,5.0,1,1,1,44.0
4348,5.0,1,1,1,42.0
4450,5.0,1,1,1,42.0
4505,5.0,1,1,1,44.0
4515,5.0,1,1,1,38.0
4570,5.0,1,1,1,38.0
459,5.0,1,1,1,37.0
4593,5.0,1,1,1,37.0
4613,5.0,1,1,1,38.0
4684,5.0,1,1,1,44.0
4789,5.0,1,1,1,42.0
4804,5.0,1,1,1,42.0
481,5.0,1,1,1,38.0
4811,5.0,1,1,1,44.0
4812,5.0,1,1,1,38.0
4843,5.0,1,1,1,36.0
4908,5.0,1,1,1,36.0
4911,5.0,1,1,1,38.0
4917,5.0,1,1,1,37.0
4936,5.0,1,1,1,42.0
4949,5.0,1,1,1,38.0
4969,5.0,1,1,1,44.0
5035,5.0,1,1,1,38.0
5059,5.0,1,1,1,44.0
5065,5.0,1,1,1,38.0
509,5.0,1,1,1,42.0
5105,5.0,1,1,1,38.0
5132,5.0,1,1,1,44.0
5147,5.0,1,1,1,38.0
5150,5.0,1,1,1,37.0
5159,5.0,1,1,1,44.0
5250,5.0,1,1,1,38.0
5277,5.0,1,1,1,44.0
531,5.0,1,1,1,38.0
5370,5.0,1,1,1,38.0
5416,5.0,1,1,1,44.0
5445,5.0,1,1,1,36.0
5523,5.0,1,1,1,42.0
5554,5.0,1,1,1,44.0
5593,5.0,1,1,1,38.0
5595,5.0,1,1,1,37.0
5627,5.0,1,1,1,44.0
563,5.0,1,1,1,44.0
5636,5.0,1,1,1,36.0
5647,5.0,1,1,1,36.0
5749,5.0,1,1,1,38.0
5767,5.0,1,1,1,37.0
5857,5.0,1,1,1,38.0
5858,5.0,1,1,1,38.0
5885,5.0,1,1,1,38.0
5915,5.0,1,1,1,44.0
5926,5.0,1,1,1,36.0
593,5.0,1,1,1,42.0
5966,5.0,1,1,1,44.0
5978,5.0,1,1,1,44.0
5987,5.0,1,1,1,36.0
6112,5.0,1,1,1,38.0
6184,5.0,1,1,1,42.0
619,5.0,1,1,1,38.0
6213,5.0,1,1,1,38.0
6218,5.0,1,1,1,38.0
6313,5.0,1,1,1,44.0
6353,5.0,1,1,1,36.0
6388,5.0,1,1,1,36.0
6417,5.0,1,1,1,36.0
6419,5.0,1,1,1,44.0
6447,5.0,1,1,1,36.0
6460,5.0,1,1,1,38.0
6468,5.0,1,1,1,38.0
6485,5.0,1,1,1,38.0
6542,5.0,1,1,1,42.0
6543,5.0,1,1,1,37.0
6583,5.0,1,1,1,36.0
6589,5.0,1,1,1,38.0
6603,5.0,1,1,1,38.0
6608,5.0,1,1,1,44.0
6612,5.0,1,1,1,44.0
6634,5.0,1,1,1,38.0
6649,5.0,1,1,1,44.0
6655,5.0,1,1,1,38.0
6678,5.0,1,1,1,38.0
6692,5.0,1,1,1,38.0
6695,5.0,1,1,1,44.0
6716,5.0,1,1,1,37.0
6787,5.0,1,1,1,38.0
6825,5.0,1,1,1,38.0
6830,5.0,1,1,1,36.0
6841,5.0,1,1,1,37.0
6848,5.0,1,1,1,38.0
6878,5.0,1,1,1,37.0
6890,5.0,1,1,1,38.0
6962,5.0,1,1,1,42.0
7011,5.0,1,1,1,42.0
7041,5.0,1,1,1,37.0
7042,5.0,1,1,1,38.0
7045,5.0,1,1,1,36.0
7078,5.0,1,1,1,38.0
712,5.0,1,1,1,37.0
7121,5.0,1,1,1,36.0
7129,5.0,1,1,1,44.0
7134,5.0,1,1,1,42.0
7159,5.0,1,1,1,37.0
7163,5.0,1,1,1,38.0
719,5.0,1,1,1,38.0
7274,5.0,1,1,1,44.0
7277,5.0,1,1,1,37.0
7296,5.0,1,1,1,38.0
7341,5.0,1,1,1,44.0
7377,5.0,1,1,1,42.0
7388,5.0,1,1,1,44.0
7391,5.0,1,1,1,37.0
7413,5.0,1,1,1,44.0
7421,5.0,1,1,1,44.0
7452,5.0,1,1,1,38.0
7473,5.0,1,1,1,44.0
7499,5.0,1,1,1,44.0
7552,5.0,1,1,1,36.0
756,5.0,1,1,1,37.0
7571,5.0,1,1,1,42.0
7629,5.0,1,1,1,37.0
7664,5.0,1,1,1,44.0
770,5.0,1,1,1,42.0
7741,5.0,1,1,1,36.0
7844,5.0,1,1,1,38.0
7847,5.0,1,1,1,44.0
7883,5.0,1,1,1,44.0
7920,5.0,1,1,1,44.0
7934,5.0,1,1,1,38.0
7946,5.0,1,1,1,38.0
7954,5.0,1,1,1,38.0
7977,5.0,1,1,1,38.0
8015,5.0,1,1,1,37.0
8085,5.0,1,1,1,42.0
8129,5.0,1,1,1,37.0
8136,5.0,1,1,1,42.0
8152,5.0,1,1,1,36.0
8164,5.0,1,1,1,36.0
8202,5.0,1,1,1,42.0
8203,5.0,1,1,1,38.0
822,5.0,1,1,1,42.0
8261,5.0,1,1,1,38.0
8277,5.0,1,1,1,38.0
8312,5.0,1,1,1,38.0
8313,5.0,1,1,1,44.0
8418,5.0,1,1,1,44.0
8427,5.0,1,1,1,38.0
8530,5.0,1,1,1,38.0
8541,5.0,1,1,1,38.0
8582,5.0,1,1,1,44.0
8593,5.0,1,1,1,38.0
8611,5.0,1,1,1,42.0
8622,5.0,1,1,1,36.0
8653,5.0,1,1,1,38.0
8664,5.0,1,1,1,37.0
8674,5.0,1,1,1,36.0
8696,5.0,1,1,1,38.0
870,5.0,1,1,1,42.0
871,5.0,1,1,1,42.0
8725,5.0,1,1,1,38.0
8738,5.0,1,1,1,37.0
8753,5.0,1,1,1,38.0
8779,5.0,1,1,1,42.0
879,5.0,1,1,1,42.0
880,5.0,1,1,1,37.0
8835,5.0,1,1,1,44.0
8948,5.0,1,1,1,42.0
8963,5.0,1,1,1,37.0
9012,5.0,1,1,1,37.0
9024,5.0,1,1,1,36.0
9052,5.0,1,1,1,44.0
9080,5.0,1,1,1,38.0
909,5.0,1,1,1,37.0
9201,5.0,1,1,1,38.0
9219,5.0,1,1,1,36.0
9232,5.0,1,1,1,44.0
9280,5.0,1,1,1,42.0
9292,5.0,1,1,1,38.0
9304,5.0,1,1,1,37.0
9350,5.0,1,1,1,44.0
937,5.0,1,1,1,44.0
9372,5.0,1,1,1,38.0
9373,5.0,1,1,1,37.0
9447,5.0,1,1,1,42.0
9464,5.0,1,1,1,38.0
9513,5.0,1,1,1,44.0
9555,5.0,1,1,1,38.0
9582,5.0,1,1,1,38.0
9590,5.0,1,1,1,36.0
9595,5.0,1,1,1,42.0
9596,5.0,1,1,1,44.0
9603,5.0,1,1,1,38.0
961,5.0,1,1,1,44.0
9680,5.0,1,1,1,44.0
9708,5.0,1,1,1,38.0
9718,5.0,1,1,1,36.0
9740,5.0,1,1,1,44.0
9742,5.0,1,1,1,38.0
9764,5.0,1,1,1,36.0
980,5.0,1,1,1,37.0
9801,5.0,1,1,1,38.0
9802,5.0,1,1,1,44.0
9960,5.0,1,1,1,38.0
9986,5.0,1,1,1,38.0
999,5.0,1,1,1,36.0
12294,4.666666666666667,3,1,3,41.0
10515,4.5,2,1,2,40.5
10780,4.5,2,1,2,43.0
10895,4.5,2,1,2,38.0
11812,4.5,2,1,2,37.5
11860,4.5,2,1,2,37.5
12707,4.5,2,1,2,36.5
13187,4.5,2,1,2,37.5
13265,4.5,2,1,2,41.0
1387,4.5,2,1,2,40.5
216,4.5,2,1,2,40.5
2170,4.5,2,1,2,40.0
2195,4.5,2,1,2,36.0
2223,4.5,2,1,2,41.0
3520,4.5,2,1,2,40.0
3821,4.5,2,1,2,40.0
396,4.5,2,1,2,40.0
4611,4.5,2,1,2,39.5
487,4.5,2,1,2,44.0
5576,4.5,2,1,2,40.5
6516,4.5,2,1,2,40.5
6736,4.5,2,1,2,37.0
768,4.5,2,1,2,36.0
8084,4.5,2,1,2,39.5
8380,4.5,2,1,2,40.5
9941,4.333333333333333,3,1,3,40.333333333333336
5364,4.0,4,1,4,41.75
14176,4.0,3,1,3,40.666666666666664
1003,4.0,2,1,2,40.5
10458,4.0,2,1,2,38.5
10729,4.0,2,1,2,37.0
11090,4.0,2,1,2,39.5
11233,4.0,2,1,2,39.5
11426,4.0,2,1,2,37.5
1236,4.0,2,1,2,37.0
12663,4.0,2,1,2,38.5
12760,4.0,2,1,2,40.0
12994,4.0,2,1,2,37.5
13196,4.0,2,1,2,41.0
1331,4.0,2,1,2,40.0
13515,4.0,2,1,2,38.0
13678,4.0,2,1,2,40.5
14069,4.0,2,1,2,36.5
14445,4.0,2,1,2,40.5
1847,4.0,2,1,2,38.0
1987,4.0,2,1,2,42.0
2204,4.0,2,1,2,39.5
2737,4.0,2,1,2,43.0
3282,4.0,2,1,2,39.0
35,4.0,2,1,2,37.0
4495,4.0,2,1,2,41.0
4582,4.0,2,1,2,37.5
5235,4.0,2,1,2,41.0
5474,4.0,2,1,2,40.0
6404,4.0,2,1,2,40.5
698,4.0,2,1,2,41.0
722,4.0,2,1,2,38.0
7482,4.0,2,1,2,41.5
7541,4.0,2,1,2,37.5
7661,4.0,2,1,2,36.5
8021,4.0,2,1,2,37.0
850,4.0,2,1,2,40.5
9110,4.0,2,1,2,43.5
9328,4.0,2,1,2,38.5
9749,4.0,2,1,2,40.5
10002,4.0,1,1,1,37.0
10004,4.0,1,1,1,39.0
10010,4.0,1,1,1,42.0
10043,4.0,1,1,1,37.0
10056,4.0,1,1,1,38.0
10066,4.0,1,1,1,38.0
10073,4.0,1,1,1,38.0
10086,4.0,1,1,1,42.0
10092,4.0,1,1,1,44.0
10107,4.0,1,1,1,42.0
10109,4.0,1,1,1,38.0
10151,4.0,1,1,1,37.0
10160,4.0,1,1,1,38.0
10171,4.0,1,1,1,38.0
10188,4.0,1,1,1,36.0
10192,4.0,1,1,1,38.0
10198,4.0,1,1,1,37.0
10215,4.0,1,1,1,37.0
10292,4.0,1,1,1,43.0
10325,4.0,1,1,1,37.0
10330,4.0,1,1,1,36.0
10336,4.0,1,1,1,42.0
1036,4.0,1,1,1,39.0
10376,4.0,1,1,1,38.0
1038,4.0,1,1,1,38.0
10406,4.0,1,1,1,37.0
10408,4.0,1,1,1,38.0
1043,4.0,1,1,1,36.0
10431,4.0,1,1,1,37.0
10490,4.0,1,1,1,39.0
10494,4.0,1,1,1,39.0
10506,4.0,1,1,1,37.0
10516,4.0,1,1,1,43.0
10518,4.0,1,1,1,37.0
10544,4.0,1,1,1,37.0
10552,4.0,1,1,1,38.0
1056,4.0,1,1,1,38.0
10587,4.0,1,1,1,38.0
10598,4.0,1,1,1,42.0
10601,4.0,1,1,1,37.0
10610,4.0,1,1,1,37.0
10622,4.0,1,1,1,36.0
10629,4.0,1,1,1,42.0
10648,4.0,1,1,1,38.0
10660,4.0,1,1,1,38.0
10675,4.0,1,1,1,36.0
10704,4.0,1,1,1,38.0
10710,4.0,1,1,1,38.0
10712,4.0,1,1,1,42.0
10718,4.0,1,1,1,37.0
10721,4.0,1,1,1,38.0
10732,4.0,1,1,1,37.0
10757,4.0,1,1,1,39.0
10784,4.0,1,1,1,37.0
10789,4.0,1,1,1,44.0
10792,4.0,1,1,1,39.0
10798,4.0,1,1,1,38.0
10811,4.0,1,1,1,44.0
10815,4.0,1,1,1,44.0
10833,4.0,1,1,1,43.0
10838,4.0,1,1,1,39.0
10865,4.0,1,1,1,37.0
10866,4.0,1,1,1,39.0
10868,4.0,1,1,1,44.0
10880,4.0,1,1,1,36.0
10888,4.0,1,1,1,37.0
10911,4.0,1,1,1,44.0
10967,4.0,1,1,1,42.0
1101,4.0,1,1,1,37.0
11027,4.0,1,1,1,43.0
11031,4.0,1,1,1,43.0
11032,4.0,1,1,1,37.0
11034,4.0,1,1,1,42.0
11064,4.0,1,1,1,38.0
11105,4.0,1,1,1,39.0
11122,4.0,1,1,1,38.0
11176,4.0,1,1,1,37.0
11189,4.0,1,1,1,38.0
11221,4.0,1,1,1,38.0
11222,4.0,1,1,1,36.0
11229,4.0,1,1,1,36.0
11240,4.0,1,1,1,37.0
11252,4.0,1,1,1,39.0
11287,4.0,1,1,1,42.0
11332,4.0,1,1,1,44.0
11366,4.0,1,1,1,37.0
11389,4.0,1,1,1,37.0
11395,4.0,1,1,1,43.0
114,4.0,1,1,1,42.0
11403,4.0,1,1,1,37.0
11430,4.0,1,1,1,37.0
11441,4.0,1,1,1,37.0
11443,4.0,1,1,1,37.0
11455,4.0,1,1,1,37.0
11460,4.0,1,1,1,38.0
11461,4.0,1,1,1,42.0
11509,4.0,1,1,1,38.0
11522,4.0,1,1,1,38.0
11534,4.0,1,1,1,37.0
11593,4.0,1,1,1,39.0
11596,4.0,1,1,1,38.0
11615,4.0,1,1,1,38.0
11617,4.0,1,1,1,38.0
11630,4.0,1,1,1,36.0
11637,4.0,1,1,1,39.0
11643,4.0,1,1,1,36.0
11644,4.0,1,1,1,36.0
11703,4.0,1,1,1,42.0
11709,4.0,1,1,1,42.0
11733,4.0,1,1,1,38.0
11735,4.0,1,1,1,44.0
11747,4.0,1,1,1,36.0
11759,4.0,1,1,1,38.0
11767,4.0,1,1,1,43.0
1180,4.0,1,1,1,43.0
11811,4.0,1,1,1,38.0
1182,4.0,1,1,1,36.0
11872,4.0,1,1,1,37.0
11895,4.0,1,1,1,37.0
11896,4.0,1,1,1,42.0
11939,4.0,1,1,1,38.0
11943,4.0,1,1,1,44.0
11949,4.0,1,1,1,44.0
11964,4.0,1,1,1,38.0
11968,4.0,1,1,1,38.0
11970,4.0,1,1,1,36.0
12033,4.0,1,1,1,43.0
12042,4.0,1,1,1,44.0
12107,4.0,1,1,1,37.0
12120,4.0,1,1,1,38.0
12121,4.0,1,1,1,38.0
12139,4.0,1,1,1,36.0
12141,4.0,1,1,1,38.0
12143,4.0,1,1,1,38.0
12174,4.0,1,1,1,37.0
12175,4.0,1,1,1,42.0
12178,4.0,1,1,1,39.0
12246,4.0,1,1,1,44.0
12261,4.0,1,1,1,36.0
12264,4.0,1,1,1,36.0
12275,4.0,1,1,1,37.0
12280,4.0,1,1,1,37.0
12289,4.0,1,1,1,44.0
12311,4.0,1,1,1,37.0
12330,4.0,1,1,1,38.0
12354,4.0,1,1,1,38.0
12370,4.0,1,1,1,39.0
12384,4.0,1,1,1,38.0
12415,4.0,1,1,1,43.0
12417,4.0,1,1,1,36.0
12418,4.0,1,1,1,38.0
12451,4.0,1,1,1,44.0
12452,4.0,1,1,1,38.0
1246,4.0,1,1,1,36.0
12471,4.0,1,1,1,37.0
125,4.0,1,1,1,38.0
1250,4.0,1,1,1,38.0
12502,4.0,1,1,1,39.0
12503,4.0,1,1,1,37.0
12512,4.0,1,1,1,43.0
12527,4.0,1,1,1,44.0
12550,4.0,1,1,1,37.0
12589,4.0,1,1,1,39.0
12616,4.0,1,1,1,39.0
12689,4.0,1,1,1,38.0
12722,4.0,1,1,1,43.0
12727,4.0,1,1,1,36.0
12734,4.0,1,1,1,44.0
12769,4.0,1,1,1,44.0
12772,4.0,1,1,1,39.0
12846,4.0,1,1,1,38.0
12870,4.0,1,1,1,44.0
12890,4.0,1,1,1,37.0
12898,4.0,1,1,1,39.0
129,4.0,1,1,1,38.0
12932,4.0,1,1,1,36.0
12940,4.0,1,1,1,36.0
12946,4.0,1,1,1,38.0
12954,4.0,1,1,1,37.0
12988,4.0,1,1,1,39.0
12993,4.0,1,1,1,38.0
12997,4.0,1,1,1,37.0
13000,4.0,1,1,1,36.0
13005,4.0,1,1,1,38.0
13038,4.0,1,1,1,36.0
1305,4.0,1,1,1,42.0
13053,4.0,1,1,1,37.0
13056,4.0,1,1,1,38.0
13088,4.0,1,1,1,36.0
131,4.0,1,1,1,36.0
1311,4.0,1,1,1,37.0
13111,4.0,1,1,1,44.0
1312,4.0,1,1,1,42.0
13127,4.0,1,1,1,38.0
13134,4.0,1,1,1,37.0
13164,4.0,1,1,1,38.0
13167,4.0,1,1,1,38.0
13173,4.0,1,1,1,44.0
13186,4.0,1,1,1,44.0
13216,4.0,1,1,1,36.0
13235,4.0,1,1,1,36.0
13266,4.0,1,1,1,36.0
13292,4.0,1,1,1,44.0
13308,4.0,1,1,1,38.0
13314,4.0,1,1,1,38.0
13324,4.0,1,1,1,38.0
13332,4.0,1,1,1,44.0
13341,4.0,1,1,1,37.0
13368,4.0,1,1,1,43.0
13379,4.0,1,1,1,38.0
13380,4.0,1,1,1,37.0
13385,4.0,1,1,1,44.0
13393,4.0,1,1,1,37.0
13395,4.0,1,1,1,37.0
13409,4.0,1,1,1,38.0
13435,4.0,1,1,1,44.0
1346,4.0,1,1,1,37.0
13473,4.0,1,1,1,37.0
13479,4.0,1,1,1,42.0
13482,4.0,1,1,1,37.0
13492,4.0,1,1,1,38.0
13507,4.0,1,1,1,43.0
13524,4.0,1,1,1,43.0
13555,4.0,1,1,1,42.0
13570,4.0,1,1,1,36.0
13584,4.0,1,1,1,43.0
13628,4.0,1,1,1,43.0
13679,4.0,1,1,1,37.0
13682,4.0,1,1,1,42.0
13702,4.0,1,1,1,43.0
13716,4.0,1,1,1,43.0
13744,4.0,1,1,1,39.0
13748,4.0,1,1,1,43.0
13752,4.0,1,1,1,43.0
13773,4.0,1,1,1,43.0
13774,4.0,1,1,1,39.0
13780,4.0,1,1,1,37.0
13835,4.0,1,1,1,38.0
1386,4.0,1,1,1,38.0
13861,4.0,1,1,1,43.0
13864,4.0,1,1,1,43.0
13872,4.0,1,1,1,44.0
13893,4.0,1,1,1,37.0
13895,4.0,1,1,1,43.0
13909,4.0,1,1,1,39.0
13922,4.0,1,1,1,38.0
13936,4.0,1,1,1,37.0
13943,4.0,1,1,1,38.0
1396,4.0,1,1,1,36.0
13968,4.0,1,1,1,36.0
13972,4.0,1,1,1,42.0
13988,4.0,1,1,1,38.0
14,4.0,1,1,1,38.0
14006,4.0,1,1,1,38.0
14011,4.0,1,1,1,44.0
14015,4.0,1,1,1,36.0
14020,4.0,1,1,1,37.0
14042,4.0,1,1,1,37.0
14047,4.0,1,1,1,44.0
1406,4.0,1,1,1,44.0
14084,4.0,1,1,1,38.0
14135,4.0,1,1,1,39.0
14158,4.0,1,1,1,44.0
14183,4.0,1,1,1,38.0
14266,4.0,1,1,1,42.0
14284,4.0,1,1,1,38.0
14302,4.0,1,1,1,43.0
14303,4.0,1,1,1,36.0
14307,4.0,1,1,1,38.0
14350,4.0,1,1,1,36.0
14351,4.0,1,1,1,38.0
14381,4.0,1,1,1,38.0
14448,4.0,1,1,1,37.0
14482,4.0,1,1,1,42.0
14501,4.0,1,1,1,38.0
14526,4.0,1,1,1,44.0
14556,4.0,1,1,1,44.0
1456,4.0,1,1,1,44.0
14576,4.0,1,1,1,38.0
14591,4.0,1,1,1,37.0
14633,4.0,1,1,1,43.0
14650,4.0,1,1,1,44.0
14675,4.0,1,1,1,42.0
14701,4.0,1,1,1,42.0
14704,4.0,1,1,1,42.0
14706,4.0,1,1,1,44.0
14721,4.0,1,1,1,42.0
14722,4.0,1,1,1,39.0
14747,4.0,1,1,1,44.0
1475,4.0,1,1,1,44.0
14751,4.0,1,1,1,38.0
14806,4.0,1,1,1,44.0
14841,4.0,1,1,1,38.0
14844,4.0,1,1,1,37.0
14858,4.0,1,1,1,42.0
14876,4.0,1,1,1,38.0
14877,4.0,1,1,1,44.0
14884,4.0,1,1,1,38.0
14887,4.0,1,1,1,44.0
14890,4.0,1,1,1,37.0
14921,4.0,1,1,1,38.0
14935,4.0,1,1,1,38.0
14937,4.0,1,1,1,38.0
14989,4.0,1,1,1,43.0
1528,4.0,1,1,1,36.0
1533,4.0,1,1,1,36.0
1561,4.0,1,1,1,44.0
1568,4.0,1,1,1,42.0
1638,4.0,1,1,1,44.0
1662,4.0,1,1,1,38.0
1666,4.0,1,1,1,42.0
1676,4.0,1,1,1,44.0
168,4.0,1,1,1,43.0
1699,4.0,1,1,1,36.0
1701,4.0,1,1,1,37.0
1704,4.0,1,1,1,39.0
1706,4.0,1,1,1,36.0
1711,4.0,1,1,1,39.0
1733,4.0,1,1,1,37.0
174,4.0,1,1,1,42.0
1749,4.0,1,1,1,42.0
1753,4.0,1,1,1,37.0
1786,4.0,1,1,1,44.0
1813,4.0,1,1,1,38.0
1843,4.0,1,1,1,37.0
186,4.0,1,1,1,39.0
1866,4.0,1,1,1,37.0
188,4.0,1,1,1,43.0
1887,4.0,1,1,1,43.0
1942,4.0,1,1,1,36.0
1990,4.0,1,1,1,44.0
2002,4.0,1,1,1,38.0
2021,4.0,1,1,1,42.0
2086,4.0,1,1,1,43.0
2091,4.0,1,1,1,38.0
2101,4.0,1,1,1,43.0
2113,4.0,1,1,1,36.0
2187,4.0,1,1,1,39.0
220,4.0,1,1,1,37.0
222,4.0,1,1,1,36.0
2229,4.0,1,1,1,43.0
2244,4.0,1,1,1,42.0
2248,4.0,1,1,1,44.0
226,4.0,1,1,1,36.0
2305,4.0,1,1,1,44.0
2324,4.0,1,1,1,38.0
2334,4.0,1,1,1,43.0
2388,4.0,1,1,1,38.0
2389,4.0,1,1,1,44.0
2403,4.0,1,1,1,43.0
2407,4.0,1,1,1,42.0
241,4.0,1,1,1,38.0
2431,4.0,1,1,1,38.0
2446,4.0,1,1,1,37.0
2457,4.0,1,1,1,44.0
2479,4.0,1,1,1,44.0
2495,4.0,1,1,1,43.0
250,4.0,1,1,1,39.0
2528,4.0,1,1,1,43.0
2565,4.0,1,1,1,36.0
257,4.0,1,1,1,37.0
2574,4.0,1,1,1,36.0
2584,4.0,1,1,1,38.0
2606,4.0,1,1,1,36.0
2611,4.0,1,1,1,42.0
2615,4.0,1,1,1,38.0
2618,4.0,1,1,1,44.0
2664,4.0,1,1,1,37.0
2681,4.0,1,1,1,44.0
2686,4.0,1,1,1,36.0
2694,4.0,1,1,1,36.0
2699,4.0,1,1,1,43.0
270,4.0,1,1,1,39.0
2709,4.0,1,1,1,38.0
2745,4.0,1,1,1,38.0
2752,4.0,1,1,1,44.0
2765,4.0,1,1,1,38.0
2779,4.0,1,1,1,36.0
2780,4.0,1,1,1,38.0
2783,4.0,1,1,1,38.0
2800,4.0,1,1,1,43.0
2801,4.0,1,1,1,38.0
2806,4.0,1,1,1,42.0
2816,4.0,1,1,1,44.0
2827,4.0,1,1,1,44.0
2844,4.0,1,1,1,36.0
286,4.0,1,1,1,38.0
2976,4.0,1,1,1,36.0
298,4.0,1,1,1,36.0
2999,4.0,1,1,1,37.0
3001,4.0,1,1,1,38.0
3013,4.0,1,1,1,37.0
3027,4.0,1,1,1,42.0
3047,4.0,1,1,1,37.0
3111,4.0,1,1,1,44.0
3113,4.0,1,1,1,37.0
3131,4.0,1,1,1,38.0
3154,4.0,1,1,1,36.0
3168,4.0,1,1,1,37.0
3170,4.0,1,1,1,44.0
3200,4.0,1,1,1,42.0
3242,4.0,1,1,1,43.0
3263,4.0,1,1,1,38.0
3276,4.0,1,1,1,37.0
33,4.0,1,1,1,44.0
333,4.0,1,1,1,38.0
3346,4.0,1,1,1,37.0
3366,4.0,1,1,1,37.0
3404,4.0,1,1,1,36.0
3426,4.0,1,1,1,38.0
3470,4.0,1,1,1,42.0
3505,4.0,1,1,1,38.0
352,4.0,1,1,1,36.0
3549,4.0,1,1,1,37.0
3556,4.0,1,1,1,43.0
3583,4.0,1,1,1,43.0
3591,4.0,1,1,1,38.0
3617,4.0,1,1,1,44.0
3662,4.0,1,1,1,38.0
3691,4.0,1,1,1,42.0
3722,4.0,1,1,1,37.0
3754,4.0,1,1,1,38.0
3769,4.0,1,1,1,38.0
3790,4.0,1,1,1,38.0
3802,4.0,1,1,1,43.0
3836,4.0,1,1,1,43.0
3856,4.0,1,1,1,36.0
3858,4.0,1,1,1,38.0
386,4.0,1,1,1,36.0
3860,4.0,1,1,1,37.0
3865,4.0,1,1,1,36.0
3867,4.0,1,1,1,38.0
391,4.0,1,1,1,38.0
3913,4.0,1,1,1,38.0
395,4.0,1,1,1,37.0
3967,4.0,1,1,1,44.0
402,4.0,1,1,1,37.0
4033,4.0,1,1,1,37.0
405,4.0,1,1,1,43.0
4052,4.0,1,1,1,38.0
4081,4.0,1,1,1,39.0
4093,4.0,1,1,1,42.0
4118,4.0,1,1,1,38.0
4140,4.0,1,1,1,38.0
4150,4.0,1,1,1,38.0
4192,4.0,1,1,1,42.0
4222,4.0,1,1,1,43.0
4228,4.0,1,1,1,38.0
4260,4.0,1,1,1,44.0
4262,4.0,1,1,1,43.0
4291,4.0,1,1,1,44.0
431,4.0,1,1,1,38.0
4310,4.0,1,1,1,37.0
4323,4.0,1,1,1,37.0
4324,4.0,1,1,1,43.0
434,4.0,1,1,1,39.0
4353,4.0,1,1,1,36.0
4376,4.0,1,1,1,39.0
4393,4.0,1,1,1,39.0
4410,4.0,1,1,1,39.0
4434,4.0,1,1,1,44.0
4467,4.0,1,1,1,39.0
4482,4.0,1,1,1,44.0
4494,4.0,1,1,1,37.0
45,4.0,1,1,1,44.0
4506,4.0,1,1,1,42.0
4519,4.0,1,1,1,44.0
4524,4.0,1,1,1,36.0
4528,4.0,1,1,1,44.0
4542,4.0,1,1,1,43.0
4564,4.0,1,1,1,37.0
4567,4.0,1,1,1,43.0
4659,4.0,1,1,1,36.0
4662,4.0,1,1,1,42.0
4682,4.0,1,1,1,39.0
4698,4.0,1,1,1,38.0
4708,4.0,1,1,1,42.0
4710,4.0,1,1,1,36.0
476,4.0,1,1,1,37.0
4782,4.0,1,1,1,37.0
4808,4.0,1,1,1,38.0
4852,4.0,1,1,1,38.0
486,4.0,1,1,1,37.0
4863,4.0,1,1,1,38.0
4892,4.0,1,1,1,44.0
4914,4.0,1,1,1,38.0
4919,4.0,1,1,1,37.0
495,4.0,1,1,1,37.0
4992,4.0,1,1,1,39.0
5010,4.0,1,1,1,37.0
5048,4.0,1,1,1,43.0
507,4.0,1,1,1,44.0
5086,4.0,1,1,1,42.0
5099,4.0,1,1,1,44.0
51,4.0,1,1,1,38.0
511,4.0,1,1,1,37.0
5131,4.0,1,1,1,38.0
5143,4.0,1,1,1,44.0
5189,4.0,1,1,1,43.0
5194,4.0,1,1,1,39.0
5207,4.0,1,1,1,38.0
5234,4.0,1,1,1,38.0
5284,4.0,1,1,1,37.0
5291,4.0,1,1,1,37.0
5346,4.0,1,1,1,39.0
5363,4.0,1,1,1,37.0
5410,4.0,1,1,1,37.0
5417,4.0,1,1,1,42.0
5420,4.0,1,1,1,43.0
543,4.0,1,1,1,39.0
5462,4.0,1,1,1,44.0
5476,4.0,1,1,1,38.0
5515,4.0,1,1,1,39.0
5528,4.0,1,1,1,37.0
554,4.0,1,1,1,43.0
5562,4.0,1,1,1,38.0
5592,4.0,1,1,1,38.0
5594,4.0,1,1,1,44.0
5599,4.0,1,1,1,38.0
5671,4.0,1,1,1,43.0
5678,4.0,1,1,1,43.0
5723,4.0,1,1,1,38.0
5799,4.0,1,1,1,37.0
5810,4.0,1,1,1,42.0
5818,4.0,1,1,1,39.0
5868,4.0,1,1,1,38.0
5932,4.0,1,1,1,42.0
5983,4.0,1,1,1,36.0
6008,4.0,1,1,1,38.0
6021,4.0,1,1,1,44.0
6043,4.0,1,1,1,38.0
6075,4.0,1,1,1,43.0
6093,4.0,1,1,1,38.0
6102,4.0,1,1,1,42.0
6103,4.0,1,1,1,37.0
614,4.0,1,1,1,43.0
6158,4.0,1,1,1,39.0
616,4.0,1,1,1,37.0
6191,4.0,1,1,1,38.0
6197,4.0,1,1,1,36.0
6199,4.0,1,1,1,37.0
6220,4.0,1,1,1,37.0
6224,4.0,1,1,1,39.0
6225,4.0,1,1,1,38.0
624,4.0,1,1,1,37.0
6240,4.0,1,1,1,44.0
6250,4.0,1,1,1,38.0
6256,4.0,1,1,1,37.0
6269,4.0,1,1,1,38.0
6277,4.0,1,1,1,38.0
6292,4.0,1,1,1,38.0
6324,4.0,1,1,1,36.0
6329,4.0,1,1,1,44.0
633,4.0,1,1,1,42.0
6364,4.0,1,1,1,42.0
6377,4.0,1,1,1,37.0
6389,4.0,1,1,1,38.0
6400,4.0,1,1,1,42.0
6442,4.0,1,1,1,42.0
645,4.0,1,1,1,38.0
6480,4.0,1,1,1,37.0
6496,4.0,1,1,1,37.0
6505,4.0,1,1,1,38.0
6518,4.0,1,1,1,38.0
6532,4.0,1,1,1,43.0
6536,4.0,1,1,1,44.0
6590,4.0,1,1,1,43.0
66,4.0,1,1,1,42.0
6601,4.0,1,1,1,44.0
6615,4.0,1,1,1,38.0
6637,4.0,1,1,1,37.0
6663,4.0,1,1,1,44.0
6671,4.0,1,1,1,38.0
672,4.0,1,1,1,43.0
6737,4.0,1,1,1,37.0
6758,4.0,1,1,1,38.0
6767,4.0,1,1,1,36.0
6771,4.0,1,1,1,38.0
6772,4.0,1,1,1,38.0
6781,4.0,1,1,1,38.0
6808,4.0,1,1,1,38.0
6826,4.0,1,1,1,38.0
686,4.0,1,1,1,37.0
6866,4.0,1,1,1,44.0
6869,4.0,1,1,1,44.0
6902,4.0,1,1,1,42.0
692,4.0,1,1,1,38.0
6920,4.0,1,1,1,43.0
6976,4.0,1,1,1,38.0
6988,4.0,1,1,1,38.0
7017,4.0,1,1,1,44.0
7019,4.0,1,1,1,39.0
7060,4.0,1,1,1,36.0
7061,4.0,1,1,1,38.0
7065,4.0,1,1,1,38.0
7069,4.0,1,1,1,42.0
707,4.0,1,1,1,39.0
7140,4.0,1,1,1,38.0
7142,4.0,1,1,1,37.0
7162,4.0,1,1,1,38.0
7178,4.0,1,1,1,42.0
72,4.0,1,1,1,38.0
7248,4.0,1,1,1,37.0
7292,4.0,1,1,1,44.0
7313,4.0,1,1,1,38.0
7337,4.0,1,1,1,44.0
738,4.0,1,1,1,36.0
7392,4.0,1,1,1,44.0
7419,4.0,1,1,1,37.0
7423,4.0,1,1,1,39.0
7434,4.0,1,1,1,36.0
7454,4.0,1,1,1,38.0
7487,4.0,1,1,1,38.0
7531,4.0,1,1,1,44.0
7551,4.0,1,1,1,42.0
7583,4.0,1,1,1,37.0
7591,4.0,1,1,1,38.0
7592,4.0,1,1,1,37.0
7599,4.0,1,1,1,37.0
7643,4.0,1,1,1,39.0
766,4.0,1,1,1,37.0
7676,4.0,1,1,1,37.0
7692,4.0,1,1,1,44.0
7702,4.0,1,1,1,37.0
771,4.0,1,1,1,42.0
772,4.0,1,1,1,38.0
7749,4.0,1,1,1,37.0
7761,4.0,1,1,1,38.0
7804,4.0,1,1,1,43.0
7813,4.0,1,1,1,42.0
7824,4.0,1,1,1,44.0
7841,4.0,1,1,1,38.0
7851,4.0,1,1,1,36.0
7854,4.0,1,1,1,37.0
7864,4.0,1,1,1,38.0
7868,4.0,1,1,1,37.0
788,4.0,1,1,1,36.0
7887,4.0,1,1,1,39.0
7902,4.0,1,1,1,44.0
7905,4.0,1,1,1,44.0
7928,4.0,1,1,1,37.0
793,4.0,1,1,1,38.0
7935,4.0,1,1,1,42.0
795,4.0,1,1,1,43.0
7956,4.0,1,1,1,39.0
7973,4.0,1,1,1,42.0
7988,4.0,1,1,1,37.0
8000,4.0,1,1,1,37.0
8010,4.0,1,1,1,38.0
8012,4.0,1,1,1,44.0
8014,4.0,1,1,1,37.0
8023,4.0,1,1,1,37.0
8041,4.0,1,1,1,37.0
8053,4.0,1,1,1,37.0
8056,4.0,1,1,1,44.0
8074,4.0,1,1,1,42.0
8075,4.0,1,1,1,43.0
8108,4.0,1,1,1,38.0
8121,4.0,1,1,1,38.0
814,4.0,1,1,1,43.0
8213,4.0,1,1,1,43.0
8226,4.0,1,1,1,44.0
8285,4.0,1,1,1,37.0
8303,4.0,1,1,1,36.0
8341,4.0,1,1,1,44.0
8376,4.0,1,1,1,37.0
8385,4.0,1,1,1,38.0
8487,4.0,1,1,1,38.0
8497,4.0,1,1,1,36.0
8551,4.0,1,1,1,44.0
8553,4.0,1,1,1,39.0
8556,4.0,1,1,1,37.0
8575,4.0,1,1,1,38.0
8599,4.0,1,1,1,36.0
8646,4.0,1,1,1,39.0
8668,4.0,1,1,1,42.0
8691,4.0,1,1,1,37.0
87,4.0,1,1,1,37.0
8719,4.0,1,1,1,44.0
8766,4.0,1,1,1,43.0
878,4.0,1,1,1,37.0
8803,4.0,1,1,1,38.0
8811,4.0,1,1,1,38.0
8819,4.0,1,1,1,43.0
8828,4.0,1,1,1,43.0
8830,4.0,1,1,1,36.0
8832,4.0,1,1,1,37.0
8849,4.0,1,1,1,42.0
8854,4.0,1,1,1,38.0
8893,4.0,1,1,1,44.0
891,4.0,1,1,1,38.0
8923,4.0,1,1,1,43.0
8933,4.0,1,1,1,36.0
8965,4.0,1,1,1,38.0
8979,4.0,1,1,1,37.0
8983,4.0,1,1,1,44.0
9005,4.0,1,1,1,42.0
9016,4.0,1,1,1,43.0
9022,4.0,1,1,1,37.0
9031,4.0,1,1,1,36.0
9059,4.0,1,1,1,42.0
9066,4.0,1,1,1,38.0
9097,4.0,1,1,1,38.0
9126,4.0,1,1,1,38.0
9134,4.0,1,1,1,44.0
915,4.0,1,1,1,38.0
9188,4.0,1,1,1,39.0
9195,4.0,1,1,1,43.0
9223,4.0,1,1,1,43.0
9258,4.0,1,1,1,44.0
9268,4.0,1,1,1,36.0
928,4.0,1,1,1,37.0
9291,4.0,1,1,1,43.0
9310,4.0,1,1,1,38.0
9319,4.0,1,1,1,36.0
9330,4.0,1,1,1,38.0
9331,4.0,1,1,1,42.0
9356,4.0,1,1,1,38.0
9357,4.0,1,1,1,43.0
9382,4.0,1,1,1,44.0
9405,4.0,1,1,1,43.0
9414,4.0,1,1,1,38.0
9425,4.0,1,1,1,37.0
9432,4.0,1,1,1,44.0
9434,4.0,1,1,1,38.0
9451,4.0,1,1,1,37.0
9518,4.0,1,1,1,43.0
9538,4.0,1,1,1,38.0
9549,4.0,1,1,1,37.0
9571,4.0,1,1,1,38.0
958,4.0,1,1,1,38.0
9588,4.0,1,1,1,38.0
9608,4.0,1,1,1,42.0
9627,4.0,1,1,1,39.0
9628,4.0,1,1,1,37.0
966,4.0,1,1,1,43.0
968,4.0,1,1,1,37.0
9698,4.0,1,1,1,38.0
9705,4.0,1,1,1,43.0
9724,4.0,1,1,1,44.0
9744,4.0,1,1,1,44.0
9754,4.0,1,1,1,37.0
9762,4.0,1,1,1,38.0
9763,4.0,1,1,1,42.0
9798,4.0,1,1,1,42.0
982,4.0,1,1,1,38.0
9829,4.0,1,1,1,43.0
9836,4.0,1,1,1,38.0
9849,4.0,1,1,1,38.0
9879,4.0,1,1,1,42.0
9887,4.0,1,1,1,38.0
9899,4.0,1,1,1,37.0
9906,4.0,1,1,1,37.0
9916,4.0,1,1,1,39.0
9938,4.0,1,1,1,38.0
9949,4.0,1,1,1,37.0
995,4.0,1,1,1,38.0
9952,4.0,1,1,1,37.0
9994,4.0,1,1,1,36.0
9995,4.0,1,1,1,42.0
8244,3.6666666666666665,3,1,3,43.333333333333336
10275,3.5,2,1,2,37.0
11570,3.5,2,1,2,42.5
1169,3.5,2,1,2,39.5
12612,3.5,2,1,2,41.0
13831,3.5,2,1,2,40.0
13962,3.5,2,1,2,37.5
14232,3.5,2,1,2,46.5
14508,3.5,2,1,2,38.5
14783,3.5,2,1,2,40.5
2225,3.5,2,1,2,46.5
2447,3.5,2,1,2,37.0
2902,3.5,2,1,2,36.5
3866,3.5,2,1,2,40.0
4076,3.5,2,1,2,38.0
5020,3.5,2,1,2,36.5
5784,3.5,2,1,2,36.5
6064,3.5,2,1,2,44.5
6486,3.5,2,1,2,40.0
6549,3.5,2,1,2,37.5
6654,3.5,2,1,2,40.5
6932,3.5,2,1,2,37.5
7433,3.5,2,1,2,36.5
7776,3.5,2,1,2,40.5
8133,3.5,2,1,2,41.0
8249,3.5,2,1,2,40.0
8833,3.5,2,1,2,43.5
8958,3.5,2,1,2,42.5
9250,3.5,2,1,2,40.5
14018,3.3333333333333335,3,1,3,38.0
2781,3.3333333333333335,3,1,3,44.666666666666664
9367,3.3333333333333335,3,1,3,37.666666666666664
10154,3.0,2,1,2,37.5
10543,3.0,2,1,2,40.5
1126,3.0,2,1,2,39.0
1133,3.0,2,1,2,37.0
11489,3.0,2,1,2,40.5
11520,3.0,2,1,2,39.5
12460,3.0,2,1,2,36.5
13074,3.0,2,1,2,41.0
13263,3.0,2,1,2,41.5
13713,3.0,2,1,2,36.5
14318,3.0,2,1,2,43.0
14698,3.0,2,1,2,39.0
14827,3.0,2,1,2,45.5
1838,3.0,2,1,2,45.5
236,3.0,2,1,2,36.0
2366,3.0,2,1,2,36.0
2602,3.0,2,1,2,40.0
3437,3.0,2,1,2,39.5
349,3.0,2,1,2,43.0
3651,3.0,2,1,2,36.5
437,3.0,2,1,2,36.0
4752,3.0,2,1,2,39.5
4993,3.0,2,1,2,43.0
5362,3.0,2,1,2,42.5
6097,3.0,2,1,2,42.0
6682,3.0,2,1,2,42.5
6893,3.0,2,1,2,37.0
7645,3.0,2,1,2,41.5
7772,3.0,2,1,2,36.0
7799,3.0,2,1,2,43.5
812,3.0,2,1,2,43.0
8524,3.0,2,1,2,45.0
8744,3.0,2,1,2,43.0
8754,3.0,2,1,2,40.0
8905,3.0,2,1,2,39.5
8978,3.0,2,1,2,40.5
9641,3.0,2,1,2,40.5
10149,3.0,1,1,1,43.0
10195,3.0,1,1,1,43.0
10272,3.0,1,1,1,43.0
10277,3.0,1,1,1,37.0
1041,3.0,1,1,1,43.0
1070,3.0,1,1,1,37.0
10725,3.0,1,1,1,37.0
1082,3.0,1,1,1,37.0
11005,3.0,1,1,1,37.0
11053,3.0,1,1,1,37.0
11178,3.0,1,1,1,39.0
11333,3.0,1,1,1,37.0
11364,3.0,1,1,1,43.0
11370,3.0,1,1,1,37.0
11423,3.0,1,1,1,43.0
11691,3.0,1,1,1,43.0
11726,3.0,1,1,1,43.0
11778,3.0,1,1,1,39.0
11834,3.0,1,1,1,43.0
11874,3.0,1,1,1,37.0
11879,3.0,1,1,1,37.0
11930,3.0,1,1,1,43.0
11938,3.0,1,1,1,39.0
11944,3.0,1,1,1,39.0
12125,3.0,1,1,1,39.0
12148,3.0,1,1,1,43.0
12236,3.0,1,1,1,39.0
12242,3.0,1,1,1,43.0
12408,3.0,1,1,1,39.0
12409,3.0,1,1,1,39.0
12411,3.0,1,1,1,43.0
12448,3.0,1,1,1,43.0
12475,3.0,1,1,1,37.0
12655,3.0,1,1,1,43.0
12665,3.0,1,1,1,39.0
12706,3.0,1,1,1,43.0
12791,3.0,1,1,1,43.0
12911,3.0,1,1,1,37.0
1299,3.0,1,1,1,37.0
13023,3.0,1,1,1,39.0
13082,3.0,1,1,1,39.0
13129,3.0,1,1,1,43.0
13146,3.0,1,1,1,37.0
13208,3.0,1,1,1,39.0
13304,3.0,1,1,1,39.0
13554,3.0,1,1,1,39.0
13703,3.0,1,1,1,37.0
13836,3.0,1,1,1,43.0
13842,3.0,1,1,1,37.0
13965,3.0,1,1,1,43.0
14044,3.0,1,1,1,39.0
14151,3.0,1,1,1,37.0
1449,3.0,1,1,1,37.0
14493,3.0,1,1,1,39.0
14496,3.0,1,1,1,37.0
14538,3.0,1,1,1,37.0
14667,3.0,1,1,1,37.0
1470,3.0,1,1,1,37.0
14709,3.0,1,1,1,39.0
14794,3.0,1,1,1,37.0
14818,3.0,1,1,1,37.0
14828,3.0,1,1,1,37.0
14833,3.0,1,1,1,43.0
149,3.0,1,1,1,37.0
14957,3.0,1,1,1,43.0
1600,3.0,1,1,1,37.0
1739,3.0,1,1,1,37.0
1880,3.0,1,1,1,37.0
1889,3.0,1,1,1,43.0
1893,3.0,1,1,1,37.0
1910,3.0,1,1,1,39.0
1939,3.0,1,1,1,39.0
2190,3.0,1,1,1,39.0
2242,3.0,1,1,1,39.0
2276,3.0,1,1,1,39.0
242,3.0,1,1,1,39.0
2422,3.0,1,1,1,37.0
2590,3.0,1,1,1,37.0
2620,3.0,1,1,1,37.0
2740,3.0,1,1,1,39.0
2789,3.0,1,1,1,37.0
2802,3.0,1,1,1,43.0
2833,3.0,1,1,1,37.0
2849,3.0,1,1,1,37.0
2876,3.0,1,1,1,37.0
2932,3.0,1,1,1,37.0
2951,3.0,1,1,1,39.0
3051,3.0,1,1,1,37.0
3163,3.0,1,1,1,43.0
321,3.0,1,1,1,37.0
3307,3.0,1,1,1,43.0
3333,3.0,1,1,1,37.0
3357,3.0,1,1,1,39.0
3371,3.0,1,1,1,43.0
3412,3.0,1,1,1,37.0
3579,3.0,1,1,1,43.0
3735,3.0,1,1,1,37.0
3740,3.0,1,1,1,39.0
3757,3.0,1,1,1,39.0
382,3.0,1,1,1,37.0
3986,3.0,1,1,1,39.0
4019,3.0,1,1,1,37.0
4182,3.0,1,1,1,39.0
4195,3.0,1,1,1,39.0
4253,3.0,1,1,1,39.0
4295,3.0,1,1,1,39.0
4299,3.0,1,1,1,43.0
4334,3.0,1,1,1,39.0
4386,3.0,1,1,1,43.0
4408,3.0,1,1,1,37.0
4487,3.0,1,1,1,37.0
463,3.0,1,1,1,37.0
4681,3.0,1,1,1,37.0
4704,3.0,1,1,1,37.0
4799,3.0,1,1,1,43.0
4879,3.0,1,1,1,43.0
4887,3.0,1,1,1,37.0
4895,3.0,1,1,1,43.0
491,3.0,1,1,1,39.0
4957,3.0,1,1,1,37.0
4968,3.0,1,1,1,37.0
4995,3.0,1,1,1,39.0
5055,3.0,1,1,1,37.0
5066,3.0,1,1,1,37.0
5095,3.0,1,1,1,43.0
5113,3.0,1,1,1,37.0
5136,3.0,1,1,1,39.0
5140,3.0,1,1,1,39.0
516,3.0,1,1,1,37.0
5225,3.0,1,1,1,39.0
5243,3.0,1,1,1,43.0
5263,3.0,1,1,1,39.0
5371,3.0,1,1,1,37.0
5403,3.0,1,1,1,43.0
5433,3.0,1,1,1,39.0
544,3.0,1,1,1,43.0
5499,3.0,1,1,1,39.0
564,3.0,1,1,1,43.0
571,3.0,1,1,1,37.0
5879,3.0,1,1,1,43.0
596,3.0,1,1,1,43.0
6055,3.0,1,1,1,37.0
617,3.0,1,1,1,37.0
6212,3.0,1,1,1,39.0
6300,3.0,1,1,1,43.0
64,3.0,1,1,1,43.0
6521,3.0,1,1,1,37.0
6528,3.0,1,1,1,39.0
6570,3.0,1,1,1,39.0
6577,3.0,1,1,1,43.0
6645,3.0,1,1,1,43.0
6715,3.0,1,1,1,39.0
6979,3.0,1,1,1,43.0
6986,3.0,1,1,1,37.0
6990,3.0,1,1,1,37.0
6998,3.0,1,1,1,37.0
7130,3.0,1,1,1,39.0
7212,3.0,1,1,1,43.0
723,3.0,1,1,1,39.0
7256,3.0,1,1,1,37.0
7272,3.0,1,1,1,37.0
7318,3.0,1,1,1,43.0
7323,3.0,1,1,1,43.0
7331,3.0,1,1,1,37.0
7444,3.0,1,1,1,37.0
748,3.0,1,1,1,43.0
7553,3.0,1,1,1,37.0
7713,3.0,1,1,1,43.0
7785,3.0,1,1,1,37.0
7837,3.0,1,1,1,37.0
8073,3.0,1,1,1,43.0
8253,3.0,1,1,1,43.0
8387,3.0,1,1,1,39.0
8433,3.0,1,1,1,37.0
8597,3.0,1,1,1,43.0
8734,3.0,1,1,1,43.0
8861,3.0,1,1,1,39.0
8870,3.0,1,1,1,37.0
8877,3.0,1,1,1,37.0
8880,3.0,1,1,1,43.0
8884,3.0,1,1,1,43.0
8935,3.0,1,1,1,39.0
8991,3.0,1,1,1,39.0
900,3.0,1,1,1,37.0
9233,3.0,1,1,1,43.0
9236,3.0,1,1,1,37.0
9323,3.0,1,1,1,43.0
9360,3.0,1,1,1,37.0
9423,3.0,1,1,1,37.0
9462,3.0,1,1,1,43.0
9609,3.0,1,1,1,43.0
9639,3.0,1,1,1,43.0
9683,3.0,1,1,1,43.0
9735,3.0,1,1,1,43.0
9855,3.0,1,1,1,39.0
10534,2.6666666666666665,3,1,3,42.333333333333336
820,2.6666666666666665,3,1,3,41.0
10995,2.5,2,1,2,43.0
11451,2.5,2,1,2,45.0
11476,2.5,2,1,2,43.5
11607,2.5,2,1,2,45.0
11719,2.5,2,1,2,41.0
12982,2.5,2,1,2,45.5
13741,2.5,2,1,2,43.0
14023,2.5,2,1,2,42.0
1509,2.5,2,1,2,42.0
2224,2.5,2,1,2,42.5
2318,2.5,2,1,2,41.5
2454,2.5,2,1,2,42.0
25,2.5,2,1,2,45.5
2522,2.5,2,1,2,37.0
3278,2.5,2,1,2,40.0
3734,2.5,2,1,2,40.0
3934,2.5,2,1,2,37.0
4131,2.5,2,1,2,36.5
5907,2.5,2,1,2,43.0
655,2.5,2,1,2,39.5
7814,2.5,2,1,2,36.0
8471,2.5,2,1,2,37.0
8472,2.5,2,1,2,42.5
8594,2.5,2,1,2,41.5
8878,2.5,2,1,2,39.0
9937,2.5,2,1,2,42.5
14468,2.3333333333333335,3,1,3,43.0
10941,2.0,2,1,2,35.0
2070,2.0,2,1,2,47.0
2196,2.0,2,1,2,49.0
2638,2.0,2,1,2,45.0
397,2.0,2,1,2,36.0
4838,2.0,2,1,2,36.0
7149,2.0,2,1,2,37.0
7646,2.0,2,1,2,41.0
8011,2.0,2,1,2,45.0
9386,2.0,2,1,2,39.0
9413,2.0,2,1,2,44.0
10062,2.0,1,1,1,35.0
10075,2.0,1,1,1,35.0
10240,2.0,1,1,1,35.0
10250,2.0,1,1,1,43.0
10260,2.0,1,1,1,37.0
10271,2.0,1,1,1,39.0
1033,2.0,1,1,1,47.0
10378,2.0,1,1,1,39.0
10393,2.0,1,1,1,49.0
10398,2.0,1,1,1,47.0
10475,2.0,1,1,1,37.0
10482,2.0,1,1,1,39.0
10486,2.0,1,1,1,37.0
10488,2.0,1,1,1,39.0
10496,2.0,1,1,1,49.0
10523,2.0,1,1,1,49.0
10530,2.0,1,1,1,49.0
10580,2.0,1,1,1,35.0
10586,2.0,1,1,1,37.0
10594,2.0,1,1,1,47.0
10602,2.0,1,1,1,37.0
10617,2.0,1,1,1,47.0
10620,2.0,1,1,1,39.0
10631,2.0,1,1,1,49.0
10769,2.0,1,1,1,49.0
10778,2.0,1,1,1,39.0
1081,2.0,1,1,1,49.0
10822,2.0,1,1,1,37.0
10835,2.0,1,1,1,39.0
10889,2.0,1,1,1,35.0
10933,2.0,1,1,1,39.0
10958,2.0,1,1,1,39.0
10962,2.0,1,1,1,35.0
1098,2.0,1,1,1,37.0
11075,2.0,1,1,1,37.0
11157,2.0,1,1,1,35.0
11162,2.0,1,1,1,49.0
11261,2.0,1,1,1,43.0
11324,2.0,1,1,1,43.0
11331,2.0,1,1,1,39.0
11390,2.0,1,1,1,43.0
11432,2.0,1,1,1,35.0
11449,2.0,1,1,1,43.0
11502,2.0,1,1,1,47.0
11528,2.0,1,1,1,47.0
11575,2.0,1,1,1,37.0
11598,2.0,1,1,1,35.0
11638,2.0,1,1,1,43.0
11705,2.0,1,1,1,39.0
11711,2.0,1,1,1,43.0
11724,2.0,1,1,1,49.0
11769,2.0,1,1,1,47.0
11773,2.0,1,1,1,49.0
11855,2.0,1,1,1,43.0
11867,2.0,1,1,1,49.0
1191,2.0,1,1,1,35.0
12046,2.0,1,1,1,37.0
12075,2.0,1,1,1,43.0
12081,2.0,1,1,1,43.0
12122,2.0,1,1,1,39.0
12144,2.0,1,1,1,39.0
12155,2.0,1,1,1,49.0
12162,2.0,1,1,1,43.0
12184,2.0,1,1,1,35.0
12194,2.0,1,1,1,49.0
122,2.0,1,1,1,49.0
1221,2.0,1,1,1,49.0
12232,2.0,1,1,1,39.0
12237,2.0,1,1,1,35.0
12251,2.0,1,1,1,43.0
12271,2.0,1,1,1,39.0
12284,2.0,1,1,1,47.0
12320,2.0,1,1,1,39.0
12336,2.0,1,1,1,49.0
12340,2.0,1,1,1,49.0
12342,2.0,1,1,1,39.0
12380,2.0,1,1,1,47.0
12402,2.0,1,1,1,47.0
12437,2.0,1,1,1,47.0
12517,2.0,1,1,1,49.0
12524,2.0,1,1,1,39.0
12526,2.0,1,1,1,39.0
12528,2.0,1,1,1,39.0
12611,2.0,1,1,1,49.0
12627,2.0,1,1,1,49.0
12650,2.0,1,1,1,35.0
12657,2.0,1,1,1,35.0
12709,2.0,1,1,1,39.0
12710,2.0,1,1,1,43.0
12718,2.0,1,1,1,47.0
1273,2.0,1,1,1,39.0
12758,2.0,1,1,1,37.0
12767,2.0,1,1,1,37.0
12864,2.0,1,1,1,43.0
12941,2.0,1,1,1,49.0
12950,2.0,1,1,1,39.0
13046,2.0,1,1,1,39.0
13057,2.0,1,1,1,37.0
1306,2.0,1,1,1,47.0
13063,2.0,1,1,1,39.0
13073,2.0,1,1,1,35.0
13083,2.0,1,1,1,43.0
1310,2.0,1,1,1,39.0
1314,2.0,1,1,1,37.0
13140,2.0,1,1,1,37.0
1316,2.0,1,1,1,37.0
13161,2.0,1,1,1,37.0
13206,2.0,1,1,1,49.0
13254,2.0,1,1,1,39.0
13257,2.0,1,1,1,49.0
13261,2.0,1,1,1,49.0
13275,2.0,1,1,1,37.0
13279,2.0,1,1,1,43.0
13306,2.0,1,1,1,49.0
13311,2.0,1,1,1,37.0
13349,2.0,1,1,1,39.0
13411,2.0,1,1,1,49.0
1344,2.0,1,1,1,35.0
13448,2.0,1,1,1,35.0
13468,2.0,1,1,1,39.0
13478,2.0,1,1,1,47.0
13504,2.0,1,1,1,49.0
13518,2.0,1,1,1,37.0
13525,2.0,1,1,1,43.0
13567,2.0,1,1,1,35.0
13609,2.0,1,1,1,39.0
13618,2.0,1,1,1,37.0
13639,2.0,1,1,1,35.0
1366,2.0,1,1,1,47.0
13688,2.0,1,1,1,35.0
13787,2.0,1,1,1,43.0
13794,2.0,1,1,1,35.0
13806,2.0,1,1,1,35.0
139,2.0,1,1,1,43.0
13910,2.0,1,1,1,37.0
14008,2.0,1,1,1,47.0
14077,2.0,1,1,1,37.0
14091,2.0,1,1,1,47.0
14123,2.0,1,1,1,37.0
14206,2.0,1,1,1,47.0
14251,2.0,1,1,1,35.0
14285,2.0,1,1,1,39.0
14290,2.0,1,1,1,39.0
14294,2.0,1,1,1,49.0
14332,2.0,1,1,1,43.0
14439,2.0,1,1,1,39.0
14477,2.0,1,1,1,39.0
14547,2.0,1,1,1,35.0
14569,2.0,1,1,1,47.0
14607,2.0,1,1,1,39.0
14609,2.0,1,1,1,43.0
14729,2.0,1,1,1,35.0
14768,2.0,1,1,1,47.0
14774,2.0,1,1,1,39.0
14851,2.0,1,1,1,47.0
1502,2.0,1,1,1,35.0
1564,2.0,1,1,1,47.0
1591,2.0,1,1,1,43.0
1637,2.0,1,1,1,49.0
1681,2.0,1,1,1,49.0
170,2.0,1,1,1,35.0
1801,2.0,1,1,1,35.0
1810,2.0,1,1,1,49.0
1817,2.0,1,1,1,35.0
1869,2.0,1,1,1,35.0
1872,2.0,1,1,1,39.0
1925,2.0,1,1,1,43.0
1971,2.0,1,1,1,47.0
2018,2.0,1,1,1,43.0
2022,2.0,1,1,1,43.0
2039,2.0,1,1,1,35.0
207,2.0,1,1,1,39.0
2082,2.0,1,1,1,37.0
2118,2.0,1,1,1,43.0
2128,2.0,1,1,1,35.0
2174,2.0,1,1,1,47.0
2180,2.0,1,1,1,47.0
2233,2.0,1,1,1,49.0
2286,2.0,1,1,1,49.0
2287,2.0,1,1,1,49.0
2293,2.0,1,1,1,49.0
2308,2.0,1,1,1,49.0
2371,2.0,1,1,1,47.0
245,2.0,1,1,1,37.0
2471,2.0,1,1,1,37.0
2496,2.0,1,1,1,35.0
2636,2.0,1,1,1,39.0
2650,2.0,1,1,1,49.0
2653,2.0,1,1,1,49.0
2654,2.0,1,1,1,35.0
2659,2.0,1,1,1,49.0
2662,2.0,1,1,1,43.0
2668,2.0,1,1,1,47.0
2670,2.0,1,1,1,35.0
2675,2.0,1,1,1,39.0
2678,2.0,1,1,1,47.0
2724,2.0,1,1,1,43.0
276,2.0,1,1,1,47.0
277,2.0,1,1,1,37.0
280,2.0,1,1,1,47.0
2906,2.0,1,1,1,49.0
2967,2.0,1,1,1,47.0
3053,2.0,1,1,1,37.0
3061,2.0,1,1,1,37.0
3096,2.0,1,1,1,43.0
3184,2.0,1,1,1,47.0
3212,2.0,1,1,1,43.0
3260,2.0,1,1,1,49.0
3279,2.0,1,1,1,39.0
3329,2.0,1,1,1,39.0
3413,2.0,1,1,1,43.0
344,2.0,1,1,1,43.0
3540,2.0,1,1,1,49.0
3543,2.0,1,1,1,39.0
3681,2.0,1,1,1,47.0
370,2.0,1,1,1,37.0
3721,2.0,1,1,1,39.0
3765,2.0,1,1,1,43.0
38,2.0,1,1,1,37.0
3803,2.0,1,1,1,49.0
383,2.0,1,1,1,39.0
3897,2.0,1,1,1,43.0
3921,2.0,1,1,1,43.0
3948,2.0,1,1,1,39.0
3973,2.0,1,1,1,47.0
3980,2.0,1,1,1,35.0
4010,2.0,1,1,1,39.0
4020,2.0,1,1,1,37.0
4050,2.0,1,1,1,49.0
4055,2.0,1,1,1,37.0
4096,2.0,1,1,1,43.0
4141,2.0,1,1,1,47.0
4149,2.0,1,1,1,47.0
4178,2.0,1,1,1,37.0
4181,2.0,1,1,1,35.0
4232,2.0,1,1,1,49.0
4238,2.0,1,1,1,49.0
4255,2.0,1,1,1,49.0
4264,2.0,1,1,1,43.0
4281,2.0,1,1,1,47.0
4338,2.0,1,1,1,49.0
4339,2.0,1,1,1,43.0
4417,2.0,1,1,1,37.0
4442,2.0,1,1,1,43.0
4447,2.0,1,1,1,47.0
4479,2.0,1,1,1,47.0
4557,2.0,1,1,1,49.0
4595,2.0,1,1,1,37.0
4617,2.0,1,1,1,47.0
4750,2.0,1,1,1,39.0
4775,2.0,1,1,1,43.0
4778,2.0,1,1,1,43.0
4791,2.0,1,1,1,39.0
4865,2.0,1,1,1,49.0
4902,2.0,1,1,1,49.0
4958,2.0,1,1,1,35.0
4978,2.0,1,1,1,37.0
4982,2.0,1,1,1,47.0
5000,2.0,1,1,1,35.0
5007,2.0,1,1,1,43.0
5077,2.0,1,1,1,39.0
510,2.0,1,1,1,43.0
515,2.0,1,1,1,47.0
5181,2.0,1,1,1,35.0
5209,2.0,1,1,1,47.0
5226,2.0,1,1,1,49.0
5259,2.0,1,1,1,47.0
5280,2.0,1,1,1,39.0
5314,2.0,1,1,1,47.0
5327,2.0,1,1,1,47.0
5390,2.0,1,1,1,39.0
5404,2.0,1,1,1,37.0
5471,2.0,1,1,1,37.0
5514,2.0,1,1,1,39.0
5552,2.0,1,1,1,49.0
5598,2.0,1,1,1,43.0
5628,2.0,1,1,1,43.0
5680,2.0,1,1,1,35.0
5683,2.0,1,1,1,43.0
5701,2.0,1,1,1,49.0
573,2.0,1,1,1,35.0
5730,2.0,1,1,1,37.0
5753,2.0,1,1,1,43.0
5837,2.0,1,1,1,37.0
5878,2.0,1,1,1,47.0
5881,2.0,1,1,1,35.0
5929,2.0,1,1,1,37.0
5986,2.0,1,1,1,49.0
5998,2.0,1,1,1,37.0
6028,2.0,1,1,1,37.0
6029,2.0,1,1,1,43.0
6035,2.0,1,1,1,35.0
6039,2.0,1,1,1,49.0
6089,2.0,1,1,1,37.0
6104,2.0,1,1,1,35.0
6170,2.0,1,1,1,35.0
6173,2.0,1,1,1,37.0
6202,2.0,1,1,1,49.0
6249,2.0,1,1,1,35.0
6286,2.0,1,1,1,47.0
6472,2.0,1,1,1,37.0
6556,2.0,1,1,1,43.0
6576,2.0,1,1,1,39.0
6584,2.0,1,1,1,35.0
6636,2.0,1,1,1,49.0
6677,2.0,1,1,1,49.0
674,2.0,1,1,1,49.0
6757,2.0,1,1,1,43.0
6764,2.0,1,1,1,49.0
6777,2.0,1,1,1,47.0
6870,2.0,1,1,1,37.0
6896,2.0,1,1,1,47.0
6914,2.0,1,1,1,47.0
6928,2.0,1,1,1,37.0
6936,2.0,1,1,1,39.0
6966,2.0,1,1,1,49.0
7097,2.0,1,1,1,35.0
7169,2.0,1,1,1,49.0
7202,2.0,1,1,1,35.0
7215,2.0,1,1,1,47.0
7264,2.0,1,1,1,43.0
729,2.0,1,1,1,37.0
7302,2.0,1,1,1,49.0
7320,2.0,1,1,1,37.0
7325,2.0,1,1,1,39.0
7357,2.0,1,1,1,47.0
7480,2.0,1,1,1,35.0
751,2.0,1,1,1,47.0
7521,2.0,1,1,1,37.0
7529,2.0,1,1,1,39.0
7613,2.0,1,1,1,39.0
7660,2.0,1,1,1,37.0
7737,2.0,1,1,1,47.0
7743,2.0,1,1,1,35.0
7767,2.0,1,1,1,49.0
7863,2.0,1,1,1,39.0
7893,2.0,1,1,1,37.0
7915,2.0,1,1,1,43.0
7943,2.0,1,1,1,35.0
7955,2.0,1,1,1,43.0
8035,2.0,1,1,1,49.0
8047,2.0,1,1,1,39.0
8051,2.0,1,1,1,47.0
8118,2.0,1,1,1,49.0
8180,2.0,1,1,1,43.0
8221,2.0,1,1,1,35.0
8234,2.0,1,1,1,49.0
8355,2.0,1,1,1,35.0
8360,2.0,1,1,1,37.0
8383,2.0,1,1,1,39.0
8391,2.0,1,1,1,47.0
8413,2.0,1,1,1,35.0
8457,2.0,1,1,1,43.0
8493,2.0,1,1,1,43.0
8515,2.0,1,1,1,43.0
854,2.0,1,1,1,49.0
8564,2.0,1,1,1,39.0
8565,2.0,1,1,1,35.0
8577,2.0,1,1,1,49.0
875,2.0,1,1,1,47.0
8770,2.0,1,1,1,35.0
8778,2.0,1,1,1,49.0
8792,2.0,1,1,1,37.0
8799,2.0,1,1,1,39.0
8841,2.0,1,1,1,49.0
8843,2.0,1,1,1,43.0
8856,2.0,1,1,1,35.0
8994,2.0,1,1,1,35.0
9033,2.0,1,1,1,35.0
9063,2.0,1,1,1,39.0
9065,2.0,1,1,1,39.0
9068,2.0,1,1,1,43.0
9094,2.0,1,1,1,37.0
9103,2.0,1,1,1,43.0
9109,2.0,1,1,1,47.0
9112,2.0,1,1,1,37.0
9129,2.0,1,1,1,47.0
9175,2.0,1,1,1,49.0
9193,2.0,1,1,1,47.0
9220,2.0,1,1,1,47.0
926,2.0,1,1,1,43.0
929,2.0,1,1,1,39.0
9313,2.0,1,1,1,43.0
9314,2.0,1,1,1,35.0
9343,2.0,1,1,1,47.0
9384,2.0,1,1,1,35.0
9391,2.0,1,1,1,43.0
9406,2.0,1,1,1,37.0
9497,2.0,1,1,1,47.0
9534,2.0,1,1,1,37.0
9537,2.0,1,1,1,43.0
9545,2.0,1,1,1,49.0
9547,2.0,1,1,1,43.0
9562,2.0,1,1,1,49.0
957,2.0,1,1,1,35.0
9676,2.0,1,1,1,49.0
9695,2.0,1,1,1,43.0
9702,2.0,1,1,1,39.0
9768,2.0,1,1,1,47.0
9777,2.0,1,1,1,35.0
9792,2.0,1,1,1,43.0
985,2.0,1,1,1,37.0
9863,2.0,1,1,1,39.0
9868,2.0,1,1,1,37.0
9888,2.0,1,1,1,43.0
9911,2.0,1,1,1,47.0
9920,2.0,1,1,1,43.0
9927,2.0,1,1,1,43.0
9976,2.0,1,1,1,49.0
10258,1.5,2,1,2,43.0
10673,1.5,2,1,2,43.0
14028,1.5,2,1,2,48.0
3696,1.5,2,1,2,36.0
415,1.5,2,1,2,47.0
6034,1.5,2,1,2,36.0
7172,1.5,2,1,2,35.0
8144,1.5,2,1,2,48.0
9662,1.5,2,1,2,35.0
12719,1.0,2,1,2,47.0
2168,1.0,2,1,2,48.0
3977,1.0,2,1,2,41.0
7565,1.0,2,1,2,48.0
10115,1.0,1,1,1,35.0
10204,1.0,1,1,1,47.0
10369,1.0,1,1,1,47.0
1053,1.0,1,1,1,49.0
10538,1.0,1,1,1,47.0
10607,1.0,1,1,1,49.0
10694,1.0,1,1,1,35.0
10735,1.0,1,1,1,49.0
10760,1.0,1,1,1,35.0
10779,1.0,1,1,1,49.0
10796,1.0,1,1,1,49.0
10856,1.0,1,1,1,49.0
10914,1.0,1,1,1,49.0
11121,1.0,1,1,1,47.0
11124,1.0,1,1,1,49.0
11177,1.0,1,1,1,35.0
11339,1.0,1,1,1,35.0
11420,1.0,1,1,1,35.0
11562,1.0,1,1,1,47.0
11599,1.0,1,1,1,47.0
11742,1.0,1,1,1,47.0
11889,1.0,1,1,1,47.0
11979,1.0,1,1,1,49.0
12002,1.0,1,1,1,47.0
12058,1.0,1,1,1,35.0
12090,1.0,1,1,1,35.0
12130,1.0,1,1,1,35.0
12137,1.0,1,1,1,35.0
12265,1.0,1,1,1,49.0
12339,1.0,1,1,1,49.0
12391,1.0,1,1,1,47.0
12410,1.0,1,1,1,47.0
12454,1.0,1,1,1,49.0
12462,1.0,1,1,1,47.0
12498,1.0,1,1,1,47.0
12597,1.0,1,1,1,47.0
12607,1.0,1,1,1,49.0
12752,1.0,1,1,1,49.0
12776,1.0,1,1,1,49.0
12785,1.0,1,1,1,49.0
1282,1.0,1,1,1,49.0
12825,1.0,1,1,1,49.0
12826,1.0,1,1,1,35.0
12937,1.0,1,1,1,49.0
12972,1.0,1,1,1,35.0
12987,1.0,1,1,1,47.0
13086,1.0,1,1,1,49.0
13179,1.0,1,1,1,49.0
13284,1.0,1,1,1,47.0
13293,1.0,1,1,1,49.0
1330,1.0,1,1,1,49.0
1335,1.0,1,1,1,49.0
13364,1.0,1,1,1,47.0
13396,1.0,1,1,1,47.0
13440,1.0,1,1,1,47.0
13483,1.0,1,1,1,35.0
13498,1.0,1,1,1,47.0
13592,1.0,1,1,1,47.0
13604,1.0,1,1,1,49.0
13638,1.0,1,1,1,35.0
13802,1.0,1,1,1,35.0
13803,1.0,1,1,1,49.0
13811,1.0,1,1,1,49.0
13896,1.0,1,1,1,35.0
13915,1.0,1,1,1,35.0
13916,1.0,1,1,1,49.0
13919,1.0,1,1,1,49.0
13920,1.0,1,1,1,47.0
14059,1.0,1,1,1,49.0
14139,1.0,1,1,1,47.0
14194,1.0,1,1,1,49.0
14211,1.0,1,1,1,47.0
14425,1.0,1,1,1,47.0
14431,1.0,1,1,1,47.0
14475,1.0,1,1,1,35.0
14497,1.0,1,1,1,47.0
14515,1.0,1,1,1,35.0
1452,1.0,1,1,1,49.0
14586,1.0,1,1,1,47.0
1466,1.0,1,1,1,49.0
14745,1.0,1,1,1,49.0
14975,1.0,1,1,1,47.0
14998,1.0,1,1,1,35.0
1525,1.0,1,1,1,35.0
1536,1.0,1,1,1,49.0
1547,1.0,1,1,1,49.0
1552,1.0,1,1,1,35.0
1573,1.0,1,1,1,49.0
160,1.0,1,1,1,47.0
1745,1.0,1,1,1,35.0
177,1.0,1,1,1,47.0
1773,1.0,1,1,1,35.0
1877,1.0,1,1,1,35.0
1914,1.0,1,1,1,47.0
2073,1.0,1,1,1,35.0
2081,1.0,1,1,1,49.0
2096,1.0,1,1,1,35.0
2197,1.0,1,1,1,35.0
223,1.0,1,1,1,49.0
229,1.0,1,1,1,49.0
2296,1.0,1,1,1,47.0
2326,1.0,1,1,1,35.0
233,1.0,1,1,1,35.0
2347,1.0,1,1,1,35.0
2494,1.0,1,1,1,35.0
2497,1.0,1,1,1,49.0
2513,1.0,1,1,1,35.0
2579,1.0,1,1,1,35.0
2582,1.0,1,1,1,35.0
2645,1.0,1,1,1,35.0
2682,1.0,1,1,1,49.0
2764,1.0,1,1,1,47.0
2796,1.0,1,1,1,49.0
282,1.0,1,1,1,49.0
2903,1.0,1,1,1,49.0
3043,1.0,1,1,1,35.0
3099,1.0,1,1,1,47.0
3120,1.0,1,1,1,49.0
3156,1.0,1,1,1,49.0
3158,1.0,1,1,1,47.0
3209,1.0,1,1,1,49.0
3372,1.0,1,1,1,35.0
3406,1.0,1,1,1,49.0
3438,1.0,1,1,1,49.0
3587,1.0,1,1,1,35.0
3628,1.0,1,1,1,47.0
3663,1.0,1,1,1,35.0
3726,1.0,1,1,1,47.0
3750,1.0,1,1,1,49.0
3998,1.0,1,1,1,35.0
4074,1.0,1,1,1,35.0
4143,1.0,1,1,1,49.0
4174,1.0,1,1,1,35.0
4201,1.0,1,1,1,47.0
4250,1.0,1,1,1,35.0
429,1.0,1,1,1,47.0
4293,1.0,1,1,1,47.0
439,1.0,1,1,1,35.0
4395,1.0,1,1,1,47.0
4456,1.0,1,1,1,49.0
4508,1.0,1,1,1,47.0
460,1.0,1,1,1,35.0
4622,1.0,1,1,1,35.0
4675,1.0,1,1,1,49.0
4880,1.0,1,1,1,47.0
4950,1.0,1,1,1,49.0
499,1.0,1,1,1,47.0
5343,1.0,1,1,1,47.0
5386,1.0,1,1,1,47.0
5399,1.0,1,1,1,49.0
5461,1.0,1,1,1,47.0
5505,1.0,1,1,1,35.0
5584,1.0,1,1,1,35.0
5700,1.0,1,1,1,35.0
5724,1.0,1,1,1,47.0
5777,1.0,1,1,1,35.0
5793,1.0,1,1,1,49.0
586,1.0,1,1,1,35.0
6092,1.0,1,1,1,35.0
6101,1.0,1,1,1,49.0
6266,1.0,1,1,1,35.0
6341,1.0,1,1,1,49.0
6401,1.0,1,1,1,47.0
6402,1.0,1,1,1,35.0
6661,1.0,1,1,1,47.0
6706,1.0,1,1,1,35.0
6732,1.0,1,1,1,49.0
6809,1.0,1,1,1,49.0
6860,1.0,1,1,1,35.0
6882,1.0,1,1,1,47.0
6906,1.0,1,1,1,47.0
6934,1.0,1,1,1,47.0
7021,1.0,1,1,1,35.0
7092,1.0,1,1,1,47.0
7109,1.0,1,1,1,49.0
7146,1.0,1,1,1,49.0
7183,1.0,1,1,1,47.0
7340,1.0,1,1,1,35.0
7489,1.0,1,1,1,47.0
7503,1.0,1,1,1,49.0
7628,1.0,1,1,1,35.0
7701,1.0,1,1,1,49.0
7744,1.0,1,1,1,49.0
7836,1.0,1,1,1,35.0
786,1.0,1,1,1,47.0
7966,1.0,1,1,1,47.0
8034,1.0,1,1,1,47.0
8060,1.0,1,1,1,49.0
8103,1.0,1,1,1,49.0
8186,1.0,1,1,1,35.0
8266,1.0,1,1,1,47.0
8332,1.0,1,1,1,47.0
8412,1.0,1,1,1,49.0
8511,1.0,1,1,1,47.0
853,1.0,1,1,1,35.0
8574,1.0,1,1,1,47.0
8576,1.0,1,1,1,47.0
8671,1.0,1,1,1,35.0
8698,1.0,1,1,1,49.0
8786,1.0,1,1,1,49.0
8818,1.0,1,1,1,35.0
8863,1.0,1,1,1,49.0
8925,1.0,1,1,1,47.0
9030,1.0,1,1,1,49.0
9132,1.0,1,1,1,47.0
9148,1.0,1,1,1,35.0
9170,1.0,1,1,1,49.0
9203,1.0,1,1,1,35.0
9326,1.0,1,1,1,47.0
9329,1.0,1,1,1,35.0
9348,1.0,1,1,1,49.0
9399,1.0,1,1,1,49.0
9496,1.0,1,1,1,35.0
962,1.0,1,1,1,49.0
9848,1.0,1,1,1,49.0
9936,1.0,1,1,1,49.0
9961,1.0,1,1,1,35.0
9969,1.0,1,1,1,47.0
9991,1.0,1,1,1,47.0
